"id","PatentClaim","patent_id","text","claim","dependency","sequence","level","gold","expected_claimType"
"190","3957094-0001","3957094","1. in a material-removing tool, particularly in a tool for removing shavings and chips from wood, a combination comprising a main body portion rotatable about a predetermined axis and having a peripheral surface with at least one recess therein, said body portion having an engagement surface partly flanking said recess, and a groove which extends in parallelism with said axis; a holder having a contact surface adjacent to but spaced from said engagement surface, said holder being movable toward and away from as well as in parallelism with said engagement surface; a flat blade disposed between said engagement and contact surfaces; means for normally biasing said holder toward said engagement surface so that said blade abuts against said engagement and contact surfaces; first locating means for holding said blade against movement in parallelism with said contact surface while said blade abuts against said engagement and contact surfaces, said blade being separable from said first locating means by moving substantially at right angles to said contact surface; and second locating means for normally blocking the movement of said holder toward and away from said peripheral surface, at least while said blade abuts against said engagement and contact surfaces, said second locating means including a guide member received in said groove of said body portion, and means for separably securing said guide member to said holder.","1","0","1","1","2",2
"205","3959521-0002","3959521","2. thereafter applying to the thus-formed undercoat layer a resinous coating composition (b) comprising an unsaturated resin containing as many ethylenically unsaturated groups as calculated from the formula ##equ32## to form a topcoat layer on the undercoat layer, and","2","0","4","1","2",2
"506","4004635-0009","4004635","9. apparatus for connecting a relatively inflexible outflow pipe to a submerged well head casing comprising; means for guiding and receiving a pipe connector fixed to the end of said outflow pipe; means for locking said means for guiding and receiving onto the well head casing; said guide and receiving means including a portion serving as a stop for limiting passage therethrough of an end of said pipe connector, a conical guide portion and a cylindrical portion, said cylindrical portion including means for locking said pipe connector relative thereto; and means for determining the orientation of said guiding and receiving means with respect to the well head casing.","9","0","9","1","2",2
"873","4045890-0001","4045890","1. a removable ski-boot cleat comprising:","1","0","1","1","2",2
"874","4045890-0001","4045890","a cleat body member with fulcrum means formed thereon;","1","1","2","2","2",2
"875","4045890-0001","4045890","a stretchable strap removably secured to said cleat-body member;","1","1","3","2","2",2
"876","4045890-0001","4045890","a pair of longitudinally disposed channels formed in said cleat-body member, wherein each channel includes corresponding slots through which said strap is passed to be held in said channels;","1","1","4","2","2",2
"877","4045890-0001","4045890","mounting means for stretching said strap to attach said cleat to said boot; and","1","1","5","2","2",2
"878","4045890-0001","4045890","restraining means to removably attach the ski to said boot.","1","1","6","2","2",2
"945","4055843-0001","4055843","1. an annunciator system comprising:","1","0","1","1","2",2
"946","4055843-0001","4055843","a source of data signals, a subset of said data signals at any particular instant being in a high state, the remaining subset of said data signals being in a low state;","1","1","2","2","2",2
"947","4055843-0001","4055843","initiator means adapted for delivering an initiation signal when an announcement is to be made;","1","1","3","2","2",2
"948","4055843-0001","4055843","a time slot generator for generating a sequence of time slots and adapted for receiving said initiation signal and in response thereto adapted for generating a sequence of sets of time slot signals, each of said sets identifying a respective time slot in said sequence of time slots;","1","1","4","2","2",2
"949","4055843-0001","4055843","an audio frequency signal generator means adapted for generating a low frequency signal and for generating a high frequency signal;","1","1","5","2","2",2
"950","4055843-0001","4055843","audio output means adapted for receiving an input signal and adapted for delivering in response thereto an audio tone of like frequency; and","1","1","6","2","2",2
"951","4055843-0001","4055843","selector means adapted for receiving as selector input said sets of time slot signals, said selector means adapted for receiving as data input said data signals, said selector means being adapted for associating each of said data signals with a respective time slot, said selector means adapted for selecting and causing to be delivered to said audio output means a particular one of said audio signals during those of said time slots for which said respective data signals are high and for selecting and causing to be delivered to said audio output means the other of said audio signals during those of said time slots for which said respective data signals are low.","1","1","7","2","2",2
"1213","4094428-0001","4094428","1. a machine for loading and disintegrating large ground-lying, cylindrical bales of crop material, said machine including:","1","0","1","1","2",2
"1214","4094428-0001","4094428","a frame;","1","1","2","2","2",2
"1215","4094428-0001","4094428","a disintegrator supported on said frame;","1","1","3","2","2",2
"1216","4094428-0001","4094428","a normally horizontal feeding bed on the frame swingable to and from said disintegrator; and","1","1","4","2","2",2
"1217","4094428-0001","4094428","loading structure pivotally mounted on said frame for vertical swinging movement between the ground and said bed,","1","1","5","2","2",2
"1218","4094428-0001","4094428","said structure being adapted to engage said ground-lying, cylindrical bale and stand the latter on end upon said bed whereupon the bales are forcibly fed end-first into said disintegrator by swinging movement of the bed toward the disintegrator,","1","1","6","2","2",2
"1219","4094428-0001","4094428","said bed having a substantially flat support surface and being pivotally secured along one edge to said frame adjacent said disintegrator,","1","1","7","2","2",2
"1220","4094428-0001","4094428","said support surface being disposed below said disintegrator when said bed is in its horizontal position,","1","1","8","2","2",2
"1221","4094428-0001","4094428","said bed including support means opposite said one edge and extending above said support surface for retaining said bales on said bed during swinging movement to said disintegrator.","1","1","9","2","2",2
"1379","4118523-0001","4118523","1. a method of electrically interconnecting conductors formed by first and second metal layers respectively on opposing faces of a polyimide substrate by a third electrically conductive layer within a bore extending through the substrate at a desired position, including the steps of:","1","0","1","1","1",1
"1380","4118523-0001","4118523","(a) forming a hole in the first and second layers to expose underlying areas of the substrate, the holes in the said layers corresponding and being positioned opposite to one another at said desired position of the bore;","1","1","2","2","1",1
"1381","4118523-0001","4118523","(b) applying simultaneously to both faces an etchant to act upon the said underlying areas of substrate to etch out the desired bore, the position of which is defined by the masking action of the remaining part of the first and second layers, but the effect of the etchant being such as to remove more substrate material adjacent to said layers than in the central part of the bore so as to produce an overhanging region of each such layer around the bore;","1","1","3","2","1",1
"1382","4118523-0001","4118523","(c) then etching away further portions of the first and second layers to an extent sufficient to remove all of said overhanging regions and to expose the faces of the substrate immediately adjacent to the ends of the bore;","1","1","4","2","1",1
"1383","4118523-0001","4118523","(d) and thereafter depositing the third conductive metal layer in the bore to form an electrically conductive connection between the first and second layers.","1","1","5","2","1",1
"1476","4133092-0001","4133092","1. a method for making radial lip shaft seals having a generally cylindrical reinforcing outer case to which has been bonded an elastomeric body that includes a flexible seal lip portion comprising the steps of, selecting a rigid strip of indeterminate length, feeding said strip continuously through a series of punch press forming operations in a progressive type die to perform the steps of: scoring the strip rearwards of the body edge to establish the width of a rectangular case blank at a first station, the first advance of said case blank to a second die station and trim step establishing the length of said rectangular case blank, a second advance of said rectangular case blank to a third die station where the first form operation starts the bending of said case blank along its major axis with some separation of said score at both edges,","1","0","1","1","1",1
"1477","4133092-0001","4133092","advancing said case blank to a fourth die station with the second form operation increasing the bend of the previous operation forming a ""u"" and greatly increasing the separation along the score from the edges toward the middle,","1","1","2","2","1",1
"1478","4133092-0001","4133092","advancing said case blank to a fifth die station with the third forming operation closing the ""u"" of the previous operation and forming the generally cylindrical shape of a finished reinforcing outer case,","1","1","3","2","1",1
"1479","4133092-0001","4133092","placing said finished case in the heated cavity of a mold in a molding press with a quantity of uncured elastomer and bonding said elastomer to said finished case forming said elastomeric body and said flexible lip seal portion.","1","1","4","2","1",1
"1655","4150967-0001","4150967","1. a method of regulating the growth of plants, which comprises applying to the plants, or to a habitat thereof, a quaternary imidazolium compound of the general formula ##str11## in which r represents hydrogen or unbranched alkyl with","1","0","1","1","1",1
"1656","4150967-0001","4150967","1to 3 carbon atoms,","1","1","2","2","1",1
"1657","4150967-0001","4150967","r.sup.1 represents alkyl with 8 to 16 carbon atoms,","1","1","3","2","1",1
"1658","4150967-0001","4150967","r.sup.2 represents hydrogen, alkyl with 1 to 12 carbon atoms or optionally substituted benzyl, where the substituent is halogen,","1","1","4","2","1",1
"1659","4150967-0001","4150967","r.sup.3 represents hydrogen or methyl,","1","1","5","2","1",1
"1660","4150967-0001","4150967","r.sup.4 represents hydrogen or methyl, and","1","1","6","2","1",1
"1661","4150967-0001","4150967","a.sup..crclbar. represents an equivalent of a halide or alkyl sulphate anion, alone or in admixture with a diluent or carrier.","1","1","7","2","1",1
"1971","4194193-0001","4194193","1. a self-contained alarm device, adapted to provide an audible signal upon the opening of a door, comprising:","1","0","1","1","2",2
"1972","4194193-0001","4194193","enclosure means comprising a mounting plate adapted to be secured to the door frame above said door,","1","1","2","2","2",2
"1973","4194193-0001","4194193","a dc power source, secured within said enclosure,","1","1","3","2","2",2
"1974","4194193-0001","4194193","an electrically powered sound signal source for said audible signal, adapted to be powered from said dc power source and connected thereto by means of an electrically conducting path,","1","1","4","2","2",2
"1975","4194193-0001","4194193","a switch in said conducting path adapted to interrupt current flow in said path with the door in a closed position,","1","1","5","2","2",2
"1976","4194193-0001","4194193","said switch comprising an electrically conductive planar element proximate to, and insulated from, the inner face of said enclosure at the basal surface thereof,","1","1","6","2","2",2
"1977","4194193-0001","4194193","coaxial orifices in said conductive element and said basal surface, with the orifice in the latter increased in size with respect to the orifice in the former,","1","1","7","2","2",2
"1978","4194193-0001","4194193","a cantilevered conductor depending from a fixed anchor within said enclosure and passing through said orifices in an alignment spaced from the peripheries thereof in an unloaded state, and","1","1","8","2","2",2
"1979","4194193-0001","4194193","actuator means for said switch responsive to movement of said door toward an open position, and comprising cam means affixed to said cantilevered conductor, further depending from said enclosure and adapted to be entrained by said door upon the movement thereof toward said cam into said open position,","1","1","9","2","2",2
"1980","4194193-0001","4194193","wherein one leg of said conductive path is terminated at said conductive element and one leg is terminated at said anchor, thereby allowing current flow in said path when said cam means is entrained by the door and said cantilevered conductor is deflected against the perimeter of said orifice in said conductive element.","1","1","10","2","2",2
"2270","4233402-0026","4233402","26. a method for determining the presence of a ligand in a sample suspected of containing said ligand, said ligand being a member of a specific binding pair consisting of ligand and antiligand, wherein the amount of a detectable signal is a function of the amount of analyte in an assay medium, said detectable signal being produced by having three primary reagents:","26","0","39","1","1",1
"2271","4233402-0026","4233402","(a) reactant label conjugate consisting of first enzyme conjugated to a member of said specific binding pair, wherein said enzyme reacts with a signal mediator precursor to produce a signal mediator;","26","39","40","2","1",1
"2272","4233402-0026","4233402","(b) signal producing label conjugate, which consists of a second enzyme, which is a component of a detectable signal producing system, said second enzyme being conjugated to a member of said specific binding pair, wherein the amount of signal produced is affected by the localized concentration of said signal mediator; and","26","39","41","2","1",1
"2273","4233402-0026","4233402","(c) signal mediator precursor, which is an unconjugated compound which reacts with said first enzyme to produce, said signal mediator, which reacts with a product of said second enzyme or said second enzyme to produce said detectable signal;","26","39","42","2","1",1
"2274","4233402-0026","4233402","wherein the spatial proximity in said assay medium of said reactant label conjugate and said signal producing conjugate is affected by the concentration of ligand in said medium and the bringing together of said reactant label conjugate and said signal producing label conjugate by means of the binding together of said ligand or ligand analog and antiligand, brings said reactant label and said signal producing label into close spatial proximity in a microenvironment, so as to create a localized concentration of signal mediator differing from the concentration of signal mediator in the mass of said assay medium;","26","39","43","2","1",1
"2275","4233402-0026","4233402","said method comprising:","26","39","44","2","1",1
"2276","4233402-0026","4233402","combining in an aqueous assay medium:","26","39","45","2","1",1
"2277","4233402-0026","4233402","(a) said sample;","26","45","46","3","1",1
"2278","4233402-0026","4233402","(b) said reactant label conjugate;","26","45","47","3","1",1
"2279","4233402-0026","4233402","(c) said signal producing label conjugate;","26","45","48","3","1",1
"2280","4233402-0026","4233402","(d) said signal mediator precursor","26","45","49","3","1",1
"2281","4233402-0026","4233402","(e) any auxiliary reagents necessary for the reaction of said first and second enzymes;","26","45","50","3","1",1
"2282","4233402-0026","4233402","(f) poly(ligand analog), when said ligand is monoepitopic and monolabel-monoligand is employed as one of said conjugates; and","26","45","51","3","1",1
"2283","4233402-0026","4233402","determining the resulting detectable signal as compared to the detectable signal from an assay medium having a known amount of analyte.","26","39","52","2","1",1
"2323","4243969-0011","4243969","11. a layer resistor element for use in a variable resistor having a non-linear resistance characteristic, comprising","11","0","16","1","2",2
"2324","4243969-0011","4243969","(a) an insulating substrate,","11","16","17","2","2",2
"2325","4243969-0011","4243969","(b) two terminal electrodes provided at opposite ends of the substrate,","11","16","18","2","2",2
"2326","4243969-0011","4243969","(c) a first resistance layer disposed on the substrate in contact with said terminal electrodes, said first resistance layer having a shape differing from that of a rectangle,","11","16","19","2","2",2
"2327","4243969-0011","4243969","(d) two comb-like sets of separating slots cut into said first resistance layer alternatingly from opposite sides thereof so as to mesh with each other, the area of the slots being negligible relatively to the area of the first resistance layer, and the lengths and spacings of the slots of each set being defined in accordance with said non-linear characteristic, and","11","16","20","2","2",2
"2328","4243969-0011","4243969","(e) a second resistance layer disposed on the first resistance layer and having a greater resistivity than the first resistance layer, the second resistance layer extending beyond the first resistance layer at a side threof to form a slide way for a wiper of said variable resistor.","11","16","21","2","2",2
"2379","4248330-0001","4248330","1. in a vehicle having forward and reverse drive through a transmission including hydraulically actuated forward and reverse clutches, a transmission control system responsive to directional shifts of said hydraulically actuated forward and reverse clutches to provide a modulated pressure signal, and hydraulically release brakes, the combination comprising;","1","0","1","1","2",2
"2380","4248330-0001","4248330","a first source of pressurized hydraulic fluid;","1","1","2","2","2",2
"2381","4248330-0001","4248330","speed sensing means for generating a first pressure signal in response and proportional to the output from said transmission;","1","1","3","2","2",2
"2382","4248330-0001","4248330","means for applying said brakes;","1","1","4","2","2",2
"2383","4248330-0001","4248330","directional selector valve means communicating with said first source of pressurized hydraulic fluid and said transmission and shiftable to forward and reverse positions for respectively selectively directing pressurized hydraulic fluid from said first source of pressurized hydraulic fluid to either one of said forward or reverse clutches and to the means for applying said brakes and simultaneosly communicating said transmission control system modulated pressure signal to said means for applying said brakes;","1","1","5","2","2",2
"2384","4248330-0001","4248330","said means for applying said brakes comprising sequence valve means, dump valve means, and reducing valve means;","1","1","6","2","2",2
"2385","4248330-0001","4248330","said sequence valve means communicating with said directional selector valve means and responsive to said modulated pressure signal for controlling communication of pressurized hydraulic fluid to the dump valve means from the directional selector valve means;","1","1","7","2","2",2
"2386","4248330-0001","4248330","said dump valve means interposed between said sequence valve and said reducing valve means and responsive to said first pressure signal for controlling communication of pressurized hydraulic fluid from said sequence valve means to said reducing valve means; and","1","1","8","2","2",2
"2387","4248330-0001","4248330","said reducing valve means variably responsive to pressurized hydraulic fluid received from said dump valve means for communicating variable hydraulic fluid pressure from said first source of pressurized hydraulic fluid to said brakes for controlling the release of said brakes.","1","1","9","2","2",2
"2684","4289342-0001","4289342","1. a motor vehicle door lock comprising:","1","0","1","1","2",2
"2685","4289342-0001","4289342","(a) a catch for attachment to the vehicle door frame,","1","1","2","2","2",2
"2686","4289342-0001","4289342","(b) a pivoted locking lever for mounting on the door of said vehicle, said locking lever being movable between an engagement position and a disengaged position,","1","1","3","2","2",2
"2687","4289342-0001","4289342","(c) two teeth on said locking lever provided one behind the other in the direction of relative movement between said catch and locking lever, said teeth being shaped to cooperate with said catch,","1","1","4","2","2",2
"2688","4289342-0001","4289342","(d) a spring urging said locking lever into a locking position,","1","1","5","2","2",2
"2689","4289342-0001","4289342","(e) a shaft which when the lock is mounted on the vehicle passes through the vehicle door wall,","1","1","6","2","2",2
"2690","4289342-0001","4289342","(f) door lock operating means,","1","1","7","2","2",2
"2691","4289342-0001","4289342","(g) transmission levers between said door lock operating means and said shaft,","1","1","8","2","2",2
"2692","4289342-0001","4289342","(h) a driving member secured to said shaft, which upon actuation effects a pivotal movement of said locking lever into an unlocked position against the action of the spring, whereby relative movement between the catch and the locking lever to the disengaged position can take place, and","1","1","9","2","2",2
"2693","4289342-0001","4289342","(i) a spring which urges the driving member into a position in which the driving member is in a rest position in which the locking lever is not operated.","1","1","10","2","2",2
"2827","4308720-0001","4308720","1. a linear engine pump, comprising pump means for pumping fluid, power engine means for producing output work to operate said pump means during a power stroke, and supplemental linear engine means for producing output work to operate said power engine means during a compression stroke of the latter, said power engine means comprising an engine cylinder, a pair of piston means movable in opposite directions in response to internal combustion for producing output work during a power stroke, work transfer means for transferring some of the work delivered to one of said piston means to the other of said piston means to move said other piston means in said cylinder in the opposite direction of movement of said one piston means, means for coupling output work directly only from said other piston means to said pump means for pumping fluid using the combined output work of said piston means transmitted to said pump means only through said other piston means, and means for coupling the remaining output work of said one piston means directly from said one piston means to said supplemental linear engine means during the power stroke of said power engine means and the compression stroke of said supplemental linear engine means, and for coupling output work from said supplemental linear engine means to said one piston means during the power stroke of said supplemental linear engine means.","1","0","1","1","2",2
"3165","4348384-0010","4348384","10. a pharmaceutical composition for oral administration in the form encapsulated in intestine capsules, which comprises effective amounts of coagulation factor viii or ix and aprotinin which are incorporated in liposomes formed from a mixture of a phospholipid and phosphatidic acid.","10","0","10","1","2",2
"3304","4367219-0001","4367219","1. a water-containing dentifrice consisting essentially of strontium edetate in an amount of about 1.0 wt. percent to about 25 wt. percent, an alkali metal salt of ricinoleic acid in an amount of about 0.1 wt. percent to about 10 wt. percent and a source of fluoride ion providing a fluoride concentration in the dentifrice from about 0.02 wt. percent to about 2.0 wt. percent.","1","0","1","1","2",2
"3604","4402179-0001","4402179","1. a yarn false twisting apparatus comprising","1","0","1","1","2",2
"3605","4402179-0001","4402179","a frame,","1","1","2","2","2",2
"3606","4402179-0001","4402179","a pair of twist imparting members, each having a generally flat yarn engaging friction surface, and with at least one of the members being readily flexible in a direction perpendicular to its friction surface,","1","1","3","2","2",2
"3607","4402179-0001","4402179","means mounting said members to said frame for rotational movement wherein portions of the respective yarn engaging friction surfaces are disposed in opposing relationship and define a twisting zone therebetween,","1","1","4","2","2",2
"3608","4402179-0001","4402179","drive means for operatively rotating each of said members, and such that a yarn may be advanced along a path of travel through said twisting zone while having twist imparted thereto,","1","1","5","2","2",2
"3609","4402179-0001","4402179","biasing means operatively mounted adjacent at least said one flexible twist imparting member for biasing said one member toward the other member at said twisting zone, said biasing means comprising a cylinder mounted on the side of said one member opposite its yarn engaging friction surface and aligned with said twisting zone, a piston slideably mounted in said cylinder and having a face at one end and a free opposite end which is positioned to directly overlie said twisting zone, and fluid supply means including a branch line leading into said cylinder for conveying a fluid under pressure into said cylinder to act against the face of said piston to bias the free end thereof into operative contact with the adjacent surface of said one flexible member and thereby bias the same toward said other member at said twisting zone and nip the yarn advancing therethrough, and","1","1","6","2","2",2
"3610","4402179-0001","4402179","control means operatively associated with said biasing means for selectively substantially reducing the pressure of said fluid supply means acting upon said piston face, to thereby facilitate the thread-up of said apparatus by limiting the nipping force applied to the yarn, said control means including a relief line connected to said branch line, and a valve positioned in said relief line, whereby opening the valve in said relief line acts to at least substantially reduce the pressure acting upon the face of said piston.","1","1","7","2","2",2
"3928","4450447-0003","4450447","3. a synthetic aperture radar target simulator for altering the frequency of an input rf signal by an amount related to range curvature information and doppler frequency information associated with a simulated target, said simulator comprising:","3","0","16","1","2",2
"3929","4450447-0003","4450447","means for mixing an input rf signal and a local oscillator signal to generate a first baseband signal having a lower frequency than that of said input rf signal,","3","16","17","2","2",2
"3930","4450447-0003","4450447","means for converting said first baseband signal to a plurality of digital words each of which is related to an instantaneous amplitude of said first baseband signal;","3","16","18","2","2",2
"3931","4450447-0003","4450447","a first-in first-out memory means;","3","16","19","2","2",2
"3932","4450447-0003","4450447","means for generating first clock signals having a frequency related to the frequency of said local oscillator signals;","3","16","20","2","2",2
"3933","4450447-0003","4450447","means for providing said first clock signals to said memory means, thereby causing said memory means to store one of said plurality of digital words in response to one of said first clock signals;","3","16","21","2","2",2
"3934","4450447-0003","4450447","means for generating a synthesized signal having a frequency related to said local oscillator frequency, range curvature information associated with said simulated target, and doppler frequency information associated with said simulated target;","3","16","22","2","2",2
"3935","4450447-0003","4450447","means for generating a plurality of second clock signals having a frequency related to said synthesized signal;","3","16","23","2","2",2
"3936","4450447-0003","4450447","means for providing said second clock signals to said memory means for accessing one of said stored digital words, each of said digital words being accessed in the order in which it was stored in said memory means;","3","16","24","2","2",2
"3937","4450447-0003","4450447","means for converting said accessed digital words into an analog signal defining a second baseband signal; and","3","16","25","2","2",2
"3938","4450447-0003","4450447","means for mixing said second baseband signal and said synthesized signal to form an rf output signal having a frequency related to range curvature information and doppler frequency information associated with said simulated target.","3","16","26","2","2",2
"4435","4535311-0001","4535311","1. an electromagnetic relay comprising:","1","0","1","1","2",2
"4436","4535311-0001","4535311","a pair of first and second insulative supports in spaced apart parallel relationship;","1","1","2","2","2",2
"4437","4535311-0001","4535311","a first stationary member of conductive material having a first, elongated portion extending between said first and second supports and a second portion extending in a direction normal to said first portion, said second portion having a first stationary contact element therein and a heat radiating surface for radiating a substantial amount of heat generated in said first stationary contact element in response to an arc on the surface of said first stationary contact element so that heat conducted to said supports is insufficient to cause them to fuse or vaporize;","1","1","3","2","2",2
"4438","4535311-0001","4535311","a second stationary member of conductive material having a third, elongated portion extending between said first and second supports and a fourth, elongated portion extending in a direction normal to said third portion in spaced relationship to said second portion, said fourth portion having a second stationary contact element therein in opposed relationship with said first stationary contact element;","1","1","4","2","2",2
"4439","4535311-0001","4535311","a movable member of conductive material having an elongated portion movable between said first and second stationary contact elements and having a pair of contact elements one on each side thereof for selectively making contact with one of said first and second stationary contact elements; and","1","1","5","2","2",2
"4440","4535311-0001","4535311","means secured between said first and second supports for generating magnetic flux in response to a current supplied thereto for moving the elongated portion of said movable member into contact with one of said first and second stationary contact elements.","1","1","6","2","2",2
"4598","4550864-0001","4550864","1. in a dispensing container having a body portion defining a cavity for containing a liquid, pump means carried by said body portion, said pump means having an outlet port in communication with said cavity for generating a pressure upon the liquid therein upon operation of said pump means, dispensing means for delivering liquid from said cavity upon actuation of said pump means, valve means movable between a closed position, an intermediate position and an opened position, a releasable stop means for releasably and positively restraining said valve means in its intermediate position, said valve means being effective to close communication of said outlet port with said cavity and prevent liquid passage through said dispensing means when said valve means is in its closed position, and venting means for venting the area over the liquid in said container to the atmosphere at a restricted rate when said valve means is in its intermediate position for precluding accidental leakage of fluid due to pressure build-up when said valve means is moved to its open position.","1","0","1","1","2",2
"4777","4571544-0001","4571544","1. a method of continuously examining the semiconductive shield of an electrical power cable in a uniform manner, the method comprising the steps of:","1","0","1","1","1",1
"4778","4571544-0001","4571544","providing a cavity structure capable of supporting a relatively high order coaxial mode of microwave energy at a relatively high quality factor when the cavity is dielectrically unloaded,","1","1","2","2","1",1
"4779","4571544-0001","4571544","providing a source of microwave energy,","1","1","3","2","1",1
"4780","4571544-0001","4571544","directing incident microwave energy to the cavity structure in a manner that excites the high order coaxial mode of the energy in the structure,","1","1","4","2","1",1
"4781","4571544-0001","4571544","continuously directing the cable structure having at least one semiconductive shield through the cavity structure, the semiconductive material of the shield dielectrically loading the cavity structure and thereby changing the quality factor thereof such that microwave energy is reflected from the cavity,","1","1","5","2","1",1
"4782","4571544-0001","4571544","continuously monitoring the degree of dielectric loading in the cavity structure and thus the quality factor thereof by measuring the ratio of reflected and incident energy from the cavity, and","1","1","6","2","1",1
"4783","4571544-0001","4571544","noting any changes in said ratio.","1","1","7","2","1",1
"5281","4626510-0001","4626510","1. a hybrid plasmid that is useful for synthesizing heterologous proteins in b. subtilis, said hybrid plasmid being formed by coupling the plasmid pub110 with the small psti fragment of the plasmid psm4, psm5 or psm6 at their xbai sites, said hybrid plasmid having a marker of resistance to kanamycin and a ecori site located from 0 to 4 bases from the last g of the ribosome recognition sequence gaggg, said hybrid plasmid being capable of producing the heterologous proteins coded by cloned dna wherein said production is induced by subinhibiting doses of erythromycin.","1","0","1","1","2",2
"5359","4636295-0001","4636295","1. a method for the recovery of lithium from brines containing monovalent cations including lithium, multivalent cations including magnesium and monovalent and multivalent anions which method comprises the steps of subjecting brine to electrodialysis; feeding brine to diluate cells of an electrodialysis unit comprising a multiplicity of alternating monopolar cationic permselective membranes and monopolar anionic permselective membranes, said membranes defining alternating diluate and concentrate cells, an anode compartment and a cathode compartment, an anode positioned in the anode compartment and a cathode positioned in the cathode compartment; applying an electrical current between the anode and the cathode at a value such that the value of the corresponding current density is in the range of about 10 to 500 a/m.sup.2 ; maintaining the temperature in the unit in the range of about 0.degree. to 60.degree. c.; maintaining the ph of the brine fed to the electrodialysis at a value of less than about 7; passing flows of solutions through the diluate and concentrate cells at a linear velocity sufficient to maintain turbulent flow in said cells; removing a lithium-depleted diluate from the diluate cells; withdrawing a lithium-enriched concentrate from the concentrate cells, said concentrate containing magnesium and lithium in a weight ratio of about 5:1 or less; and recovering lithium from withdrawn concentrate.","1","0","1","1","1",1
"5488","4652752-0001","4652752","1. a vacuum gauge comprising:","1","0","1","1","2",2
"5489","4652752-0001","4652752","a mass spectrometer for measuring an ion current value of respective gas components;","1","1","2","2","2",2
"5490","4652752-0001","4652752","a total pressure gauge for measuring an apparent total pressure value of the gas components;","1","1","3","2","2",2
"5491","4652752-0001","4652752","a calculation unit for calculating a predetermined equation so as to obtain concentration of the respective gas components and also measurement sensitivity of the respective gas components, whereby the apparent total pressure value is corrected, based upon the measurement sensitivity of the respective gas components, to derive a real total pressure value of the measured gas components.","1","1","4","2","2",2
"5591","4662440-0001","4662440","1. a process for establishing well-to-well flow communication between a plurality of wells penetrating a subsurface formation comprising:","1","0","1","1","1",1
"5592","4662440-0001","4662440","(a) initiating a fracture from a first well of said plurality of wells;","1","1","2","2","1",1
"5593","4662440-0001","4662440","(b) propagating said fracture from said first well to a second well of said plurality of wells to establish flow communication between said first and second wells;","1","1","3","2","1",1
"5594","4662440-0001","4662440","(c) when said fracture has reached said second well, injecting fracturing fluid at fracturing rates into said second well and thereby further propagating said fracture to a third well of said plurality of wells;","1","1","4","2","1",1
"5595","4662440-0001","4662440","(d) repeating step (c) as necessary with regard to other wells of said plurality of wells as said fracture reaches said other wells, by injecting fracturing fluid at fracturing rates into said other wells and thereby further propagating said fracture until said fracture intersects each well of said plurality of wells; and","1","1","5","2","1",1
"5596","4662440-0001","4662440","(e) thereby linking said plurality of wells through a common fracture network.","1","1","6","2","1",1
"6437","4760759-0001","4760759","1. a geared ratio reducer coupling for receiving an input force and rotational speed from an external power source and by an internal gear arrangement reduce an input shaft speed to a determined output speed, this ratio coupling including:","1","0","1","1","2",2
"6438","4760759-0001","4760759","(a) an input shaft and means to receive and rotate said shaft in response to input power;","1","1","2","2","2",2
"6439","4760759-0001","4760759","(b) an eccentric means driven by the input shaft and rotated at the same speed as and with the input shaft;","1","1","3","2","2",2
"6440","4760759-0001","4760759","(c) a floating pinion spool adapted to be orbited in a circular path and eccentrically moved as the eccentric means is rotated, said pinion spool having first and second ring-like gear row portions of outwardly, like-shaped extending gear teeth, with each of the first and second gear portions having the same number of teeth, and with this pinion also having at least one spaced relief between the first and second rows providing a fluid pathway and accumulating means, said pinion also having a third extending row of gear teeth with a different number of teeth than said first and second rows, the first, second and third rows of gear teeth on this pinion spool having a common center line which is a selected distance offset from the center line of the input shaft;","1","1","4","2","2",2
"6441","4760759-0001","4760759","(d) an outer fixed housing which includes a housing cap adapted to receive and retain said input shaft; a central portion having two rows of inwardly-extending gear teeth having a pitch and shape to mate with and engage the first and second rows of gear teeth on the pinion spool, these two rows having a like number of teeth that is greater than the number of teeth as provided on the pinion spool, said outer housing having means to rotatably retain an output shaft on the same center line as the input shaft, said housing having at least in part external fins adapted to dissipate heat generated by the operation of said geared ratio reducer coupling;","1","1","5","2","2",2
"6442","4760759-0001","4760759","(e) means for arraying said output shaft as freely turning and independent of the outer fixed housing by which it is carried, this output shaft carried by at least two anti-friction bearing assemblies mounted in said fixed housing;","1","1","6","2","2",2
"6443","4760759-0001","4760759","(f) means for making the assembled outer housing substantially oil-tight and within said housing providing a determined quantity of gear lubricating fluid, and during actuation of said gear ratio reducer coupling causing said lubrication to flow inwardly and outwardly through apertures provided in the floating spool, with one array of apertures extending through and in communication with the spaced relief in the floating pinion spool, and","1","1","7","2","2",2
"6444","4760759-0001","4760759","(g) a row of inwardly-extending gear teeth carried on the output shaft, the row of teeth having a configuration to mate with the third row of teeth on the floating pinion, the number of teeth on said output shaft greater or less than the number of teeth in the two rows in said fixed housing, which housing in an assembled condition is maintained by a plurality of screws an the like.","1","1","8","2","2",2
"7358","4856570-0001","4856570","1. a multi-configurational handbag comprising:","1","0","1","1","2",0
"7359","4856570-0001","4856570","a main storage area having at least one upper edge, at least one lower edge and first and second flexible lateral edges extending between said upper and lower edges and joining therewith to form at least two upper corners and at least two lower corners;","1","1","2","2","2",0
"7360","4856570-0001","4856570","connecting tabs located on each of said corners;","1","1","3","2","2",0
"7361","4856570-0001","4856570","at least one fastener mounted on each lateral edge at a point between one of said upper corners and one of said lower corners;","1","1","4","2","2",0
"7362","4856570-0001","4856570","said connecting tabs being selectively connectable to said fasteners, in direct abutting relationship therewith so as to cause repositioning of said corners with resultant pliable distortions of the main storage area of the handbag thereby rendering the handbag alternately covertible between at least four configurations, said four configurations comprising:","1","1","5","2","2",0
"7363","4856570-0001","4856570","(a) a first configuration wherein no corner connecting tabs are fastened to fasteners on said lateral edges:","1","1","6","2","2",0
"7364","4856570-0001","4856570","(b) a second configuration wherein two upper corner connecting tabs are fastened to fasteners on said lateral edges;","1","1","7","2","2",0
"7365","4856570-0001","4856570","(c) a third configuration wherein two lower corner connecting tabs are fastened to fasteners on said lateral edges; and","1","1","8","2","2",0
"7366","4856570-0001","4856570","(d) a fourth configuration wherein two upper corner connecting tabs and two lower corner connecting tabs are fastened to fasteners on said lateral edges.","1","1","9","2","2",0
"7561","4877671-0027","4877671","27. a closed cell phenolic foam composite forming an insulating panel, said composite comprising first and second oppositely disposed skins of corrugated kraft paper having inwardly facing corrugations and a core of closed cell phenolic foam therebetween, and first and second layers of particulate material at each interface between said corrugations and said foam, said foam extending between the particles of said material and bonding to said particles and to the corrugations of each said kraft paper skin.","27","0","27","1","2",2
"8131","4942973-0004","4942973","4. a container for clothes conditioner(s) and the like, having at least two substantially rigid components which are held together by frictional engagement at room temperature, one of said components having a greater coefficient of linear expansion than the other of said components, whereby one component contracts so much more than the other in cold rinse water that the components detach from each other when the container is in cold rinse water of a washing machine, whereby the conditioner(s) are released into the rinse water.","4","0","4","1","2",2
"8268","4955750-0011","4955750","11. a rope fastener comprising:","11","0","15","1","2",2
"8269","4955750-0011","4955750","a body portion of a resilient thermoplastic resin;","11","15","16","2","2",2
"8270","4955750-0011","4955750","said body portion having at least one longitudinal passage of a size to receive a rope therein extending through said body portion;","11","15","17","2","2",2
"8271","4955750-0011","4955750","said body portion having a plurality of nail receiving holes transverse to said at least one longitudinal passage and extending through said body portion diametrically across said at least one passage; and","11","15","18","2","2",2
"8272","4955750-0011","4955750","at least one corrosion resilient nail for insertion into said nail receiving holes and diametrically through the rope inserted in said at least one longitudinal passage to attach said fastener to said rope, said nail extending into said body portion on the opposite side from where said nail is inserted into said body portion, said nail and said nail receiving holes being sized so that said resilient body portion is deformed by said nail to retain said nail therein.","11","15","19","2","2",2
"8425","4972410-0007","4972410","7. apparatus for controlling the time coherency of data information broadcast on the same rf carrier frequency from two or more remote sites in a region where the rf carrier signals overlap comprising:","7","0","25","1","2",2
"8426","4972410-0007","4972410","a synchronous digital transmission network for sending and receiving a digital signal comprising the data information;","7","25","26","2","2",2
"8427","4972410-0007","4972410","means at each remote site for deriving a clock signal from the digital signal to broadcast time-coherent data information; and","7","25","27","2","2",2
"8428","4972410-0007","4972410","means for setting at each remote site the phase of the clock signal to a predetermined phase upon the receipt of a predetermined pattern of data bits in a digital signal.","7","25","28","2","2",2
"10211","5158078-0009","5158078","9. a cardiac pacemaker of the type comprising a pulse generator for generating stimulus pulses characterized in that it includes:","9","0","34","1","2",2
"10212","5158078-0009","5158078","a. means for selecting a set of predetermined achievement criteria;","9","34","35","2","2",2
"10213","5158078-0009","5158078","b. means for selecting a first pacing switch rate threshold;","9","34","36","2","2",2
"10214","5158078-0009","5158078","c. means for determining whether said achievement criteria have been met; and","9","34","37","2","2",2
"10215","5158078-0009","5158078","d. means for modifying the decay time constant of the decay curve from a first value to a second value, if said achievement criteria have been met, as the pacing rate drops below said first pacing switch rate threshold, such that said second value is different from said first value.","9","34","38","2","2",2
"10331","5169243-0002","5169243","2. a dynamic pressure bearing for an x-ray tube having a rotary anode, comprising:","2","0","6","1","2",2
"10332","5169243-0002","5169243","a cylinder member for supporting said rotary anode of said x-ray tube;","2","6","7","2","2",2
"10333","5169243-0002","5169243","a shaft member fitted in said cylinder member in a manner that a given clearance is formed between said shaft member and said cylinder member, said clearance being filled with lubricant formed of one of gallium and gallium alloy; and","2","6","8","2","2",2
"10334","5169243-0002","5169243","a plurality of grooves for generating dynamic pressure, said grooves being formed on at least one of said cylinder member and said shaft member, characterized in that:","2","6","9","2","2",2
"10335","5169243-0002","5169243","a body having grooves for generating dynamic pressure of at least one of said cylinder member and said shaft member is formed of glass.","2","6","10","2","2",2
"10428","5174687-0001","5174687","1. apparatus for installing and tensioning mooring tethers between a subsea foundation and a tension leg platform of the type having a work deck supported on columns above a buoyant hull, the apparatus comprising;","1","0","1","1","2",2
"10429","5174687-0001","5174687","tether support means on the platform columns near the hull,","1","1","2","2","2",2
"10430","5174687-0001","5174687","a plurality of elongate mooring tethers each having a lower end adapted to be secured to the subsea foundation and an upper end adapted to be connected to a hoist line and to be received and secured on said tether support means,","1","1","3","2","2",2
"10431","5174687-0001","5174687","hoist means having a cantilever support structure movably mounted on the work deck near each column above said tether support means and including a sheave and a hoist line supported on said sheave and connected to a winch,","1","1","4","2","2",2
"10432","5174687-0001","5174687","said hoist means being horizontally movable to move said sheave inwardly and outwardly relative to said tether support means, and","1","1","5","2","2",2
"10433","5174687-0001","5174687","tether connection means having an upper end adapted for connection to said hoist line and a lower end adapted to releasably engage the upper end of said tether for supporting and lifting said tether and including tensioning means for applying tension in said tether,","1","1","6","2","2",2
"10434","5174687-0001","5174687","said tether connection means being engaged at its lower end on said tether upper end and connected at its upper end to said hoist line and said tether being maneuvered by said hoist means into position on said tether support means and secured at its lower end to said foundation and said tether connection tensioning means being activated to secure said tether to said tether support and apply tension in said tether between its connection in said tether support means and the foundation and thereafter said tether connection means being removed from said tether, whereby tension loading in each said tether is transmitted to the platform by the engagement of said tethers on said tether support means.","1","1","7","2","2",2
"10550","5184869-0001","5184869","1. an elevatable sliding roof of a flat design, for a roof opening in a motor vehicle roof which has an arched contour toward a front of a motor vehicle, comprising:","1","0","1","1","2",2
"10551","5184869-0001","5184869","a rigid roof cover;","1","1","2","2","2",2
"10552","5184869-0001","5184869","a sliding roof cassette, said sliding roof cassette being arched in accordance with the arched contour of the vehicle roof;","1","1","3","2","2",2
"10553","5184869-0001","5184869","guide rails located in said sliding roof cassette, said guide rails being arched in accordance with the arched contour of the vehicle roof;","1","1","4","2","2",2
"10554","5184869-0001","5184869","means for slidably supporting said roof cover, said supporting means including sliding pads provided on said guide rails;","1","1","5","2","2",2
"10555","5184869-0001","5184869","elevating and lowering means for moving said roof cover from a closed position in which said roof cover lies in the contour of the motor vehicle roof into one of a raised ventilating position and a lowered sliding position;","1","1","6","2","2",2
"10556","5184869-0001","5184869","a headliner cover associated with said roof cover and being pivotable relative to said roof cover;","1","1","7","2","2",2
"10557","5184869-0001","5184869","a gutter provided so as to extend underneath a gap between a rear section of the vehicle roof and a rear edge of the roof cover, said gutter being shiftable at least jointly with the roof cover, said rigid roof cover being formed by two joined half shells, including an inner half shell, and with a fastening profile for a roof cover seal located along a peripheral edge of the roof cover;","1","1","8","2","2",2
"10558","5184869-0001","5184869","a pusher rod connected at one end to said shiftable gutter and at another end to said elevating and lowering means so that when said roof cover is in the lowered sliding position thereof said gutter is shifted rearward so that said gutter no longer extends underneath the rear edge of the roof cover; and","1","1","9","2","2",2
"10559","5184869-0001","5184869","a mating joint provided so as to fasten the two half shells to each other so that local hollow spaces exist between the two half shells, said roof cover including first stiffening means including a foam filling provided in the local hollow spaces between the two half shells, and second stiffening means including a reinforcement of the inner shell, said reinforcement being located along straight sections of the peripheral edge.","1","1","10","2","2",2
"10759","5201582-0001","5201582","1. an apparatus for measuring the stress distribution in an object comprising:","1","0","1","1","2",2
"10760","5201582-0001","5201582","a) an infrared detecting array having a plurality of infrared sensors wherein the array is adapted to receive an infrared image corresponding to an object, and wherein each detector has a capacitor adapted to charge in response to the photon flux incident upon said sensor;","1","1","2","2","2",2
"10761","5201582-0001","5201582","c) a read out circuit adapted to periodically measure the charge on each capacitor;","1","1","3","2","2",2
"10762","5201582-0001","5201582","d) a memory adapted to store a local off-set value for each sensor within the array;","1","1","4","2","2",2
"10763","5201582-0001","5201582","e) a digital-to-analog convertor adapted to produce an analog voltage proportional to a local off-set value corresponding to a particular array sensor read from the memory; and","1","1","5","2","2",2
"10764","5201582-0001","5201582","f) an analog-to-digital convertor operably connected to the read out circuit and the digital-to-analog convertor to provide a digital signal proportional to the differential of the charge on each sensor capacitor and its corresponding analog local off-set value.","1","1","6","2","2",2
"10879","5217827-0004","5217827","4. an electrochemical cell comprising a lithium anode, a composite cathode of an insertion compound, and a layer of a polymeric electrolyte wherein said electrolyte comprises at least 65% by weight of a plasticizer, a polymer consisting of a repeating unit selected from ##str4## wherein r is hydrogen or a group ra, --ch.sub.2 ora, --ch.sub.2 orera, or --ch.sub.2 n(ch.sub.3).sub.2, in which ra is an alkyl group containing 1 to 16 carbon atoms or a cycloalkyl group containing 5 to 8 carbon atoms, and re is an ether group of formula --ch.sub.2 --ch.sub.2 op-- wherein p is a number from 1 to 100, or said polymeric material comprises a copolymer containing two or more such repeating units; and a dissolved alkali metal salt, wherein said plasticizer is a non-volatile aprotic solvent in which said alkali metal salt is soluble and is selected from the group consisting of propylene carbonate, gamma-butyrolactone, dimethyl sulfoxide, tetrahydrofuran, and propylene glycol dimethyl ethers.","4","0","4","1","2",2
"11215","5251296-0001","5251296","1. a method of rendering graphics primitives to a display device in a computer graphics frame buffer system including an array of addressable video random access memory (vram) chips associated to form a graphics frame buffer, comprising the steps of:","1","0","1","1","1",1
"11216","5251296-0001","5251296","addressing the vrams in the frame buffer with coordinate pixel locations on the display device corresponding to locations of the graphics primitives on the display device, said addressing step including individually addressing each vram with a separate column and row address on the display device; and","1","1","2","2","1",1
"11217","5251296-0001","5251296","accessing the frame buffer with a graphics renderer according to arbitrarily shaped tiles containing pixels such that the pixels with the tiles have potentially different vram addresses, said accessing step comprising the sub-steps of generating a plurality of tiles for all pixels of a particular primitive that have a common y address modulo n, where n represents a predetermined number; assigning a separate modulo n number to each of the plurality of tiles; generating all pixels for a primitive with a common y address, thereby generating a span of each of the plurality of tiles; sequentially generating consecutive x addresses for each span; providing the column and row addresses of a first pixel in each span and a subsequent column for generation of subsequent tiles; and generating frame buffer addresses for the graphics primitives from the plurality of span column and row addresses.","1","1","3","2","1",1
"11234","5252002-0021","5252002","21. a method for installing a natural bottom culvert over a stream that is to be crossed in constructing a road, comprising the steps of:","21","0","24","1","1",1
"11235","5252002-0021","5252002","(a) preparing a terrace on at least one bank of the stream at a predetermined distance from the stream edge by using earth moving equipment that avoids any injury to the in-stream environment;","21","24","25","2","1",1
"11236","5252002-0021","5252002","(b) placing a footing on said terrace using equipment that avoids any injury to the in-stream environment;","21","24","26","2","1",1
"11237","5252002-0021","5252002","(c) fixing said footing in place by positioning at least one anchor post through said footing, driving said anchor post into the ground beneath said footing and affixing said anchor post to said footing; and","21","24","27","2","1",1
"11238","5252002-0021","5252002","(d) placing fill material over said footing.","21","24","28","2","1",1
"11749","5304590-0001","5304590","1. a method of making an extrudable polymer comprising polyacrylonitrile comprising:","1","0","1","1","1",1
"11750","5304590-0001","5304590","(a) forming a free-flowing particulate polymer comprising polyacrylonitrile and having from about 3 percent to about 30 percent by weight of an absorption aid therein;","1","1","2","2","1",1
"11751","5304590-0001","5304590","(b) mixing a liquid fugitive plasticizer with the particulate polymer wherein the amount of the plasticizer is from about 30 percent to about 50 percent based on the weight of polymer and the plasticizer is uniformly absorbed in the particulate polymer; and","1","1","3","2","1",1
"11752","5304590-0001","5304590","(c) removing at least a portion of the absorption aid from the particulate polymer formed in step (b) thereby producing a free-flowing particulate polymer containing the uniformly distributed plasticizer.","1","1","4","2","1",1
"12182","5346789-0023","5346789","23. a method of producing an oriented bacteriorhodopsin (br)-polyvinyl alcohol (pva) film capable of receiving a stable image for optical information storage, comprising:","23","0","37","1","1",1
"12183","5346789-0023","5346789","dissolving in a buffer a br material capable of responding to light of a first spectral range of light energy to change its structure to an intermediate material which is capable of responding to a second spectral range of light energy to change back to said br material, to thereby form a br solution;","23","37","38","2","1",1
"12184","5346789-0023","5346789","dissolving in a buffer a pva material to thereby form a pva solution;","23","37","39","2","1",1
"12185","5346789-0023","5346789","mixing said br solution and said pva solution to produce a br-pva solution;","23","37","40","2","1",1
"12186","5346789-0023","5346789","spreading a volume of the br-pva solution on a substrate to form a br-pva film from said br-pva solution; and","23","37","41","2","1",1
"12187","5346789-0023","5346789","diffusing a high ph buffer into said film before completely drying to control the orientation of said br material in said film and to increase the stability of said br intermediate state; and","23","37","42","2","1",1
"12188","5346789-0023","5346789","drying said film to a thickness to produce an optical density of about 0.15, with the film having an absorption spectrum substantially the same as that of said br material in solution.","23","37","43","2","1",1
"12378","5364372-0019","5364372","19. a method of using a trocar to penetrate a body wall comprising the steps of:","19","0","28","1","1",1
"12379","5364372-0019","5364372","i) providing a trocar having:","19","28","29","2","1",1
"12380","5364372-0019","5364372","(a) a cannula with a housing and a cannula tube containing a lumen of sufficient diameter to receive a obturator sheath;","19","29","30","3","1",1
"12381","5364372-0019","5364372","(b) a shielded obturator having a handle, an obturator sheath interfitting with the lumen of the cannula tube, said obturator sheath having a proximate end connected to said handle and a distal end, and a substantially planar pointed blade mounted on the distal end of the obturator sheath;","19","29","31","3","1",1
"12382","5364372-0019","5364372","(c) a shield slideably mounted relative to the obturator sheath and moveable between an extended position and a retracted position;","19","29","32","3","1",1
"12383","5364372-0019","5364372","(d) a biasing means tending to bias the shield into said extended position;","19","29","33","3","1",1
"12384","5364372-0019","5364372","(e) a latch means having a locked position in which the shield is locked in its extended position and an actuated position in which the shield may be forced into its retracted position","19","29","34","3","1",1
"12385","5364372-0019","5364372","ii) actuating said latch means;","19","28","35","2","1",1
"12386","5364372-0019","5364372","iii) urging said cannula tube and pointed blade against the body wall to be penetrated, whereby said shield is pushed into said retracted position by the body wall to expose said substantially planar pointed blade to penetrate the body wall and said latch means is biased to automatically resume locking position upon return of the shield to said extended protective position.","19","28","36","2","1",1
"12766","5406872-0006","5406872","6. a material feed apparatus comprising:","6","0","10","1","2",2
"12767","5406872-0006","5406872","at least one feeder for feeding a workpiece in a feed direction from an upstream location to a work station;","6","10","11","2","2",2
"12768","5406872-0006","5406872","a cutter located at said work station for receiving the workpiece from said feeder, said cutter including a stationary blade and a sliding blade in operative sliding contact with said stationary blade wherein said stationary blade defines a guide surface for guiding an end of said workpiece into alignment with said cutter; and","6","10","12","2","2",2
"12769","5406872-0006","5406872","wherein said feeder is mounted for movement to move the workpiece in a direction transverse to the feed direction and said guide surface comprises a central horizontal portion and a beveled portion extending upwardly from an end of said stationary blade toward said central portion for guiding a forwardly extending end portion of said workpiece onto said central portion during said transverse movement.","6","10","13","2","2",2
"12792","5408316-0001","5408316","1. an arrangement for electrothermal atomization, the arrangement comprising:","1","0","1","1","2",2
"12793","5408316-0001","5408316","a furnace body having a furnace tube defining a specimen chamber and defining a longitudinal tube axis and having first and second lateral sides extending parallel to said axis;","1","1","2","2","2",2
"12794","5408316-0001","5408316","said furnace body having first and second contact pieces formed on said furnace tube at corresponding ones of said first and second lateral sides;","1","1","3","2","2",2
"12795","5408316-0001","5408316","said first and second contact pieces defining a contact axis extending perpendicularly to said tube axis;","1","1","4","2","2",2
"12796","5408316-0001","5408316","said furnace body having a predetermined longitudinal length and said contact pieces extending over said length and said furnace tube and said contact pieces conjointly defining a single integral body made of the same material;","1","1","5","2","2",2
"12797","5408316-0001","5408316","each of said contact pieces having a parallelepiped-like shape uninterrupted by breakthroughs and having substantially rectangular end faces defining two corner regions;","1","1","6","2","2",2
"12798","5408316-0001","5408316","each of said contact pieces further including raised portions formed at corresponding ones of the corner regions thereof;","1","1","7","2","2",2
"12799","5408316-0001","5408316","said raised portions defining furnace body contact surfaces facing away from the contact piece;","1","1","8","2","2",2
"12800","5408316-0001","5408316","first and second ring-shaped electrodes for supplying current to said furnace body;","1","1","9","2","2",2
"12801","5408316-0001","5408316","each of said electrodes defining an electrode contact surface for contact engaging the furnace body contact surfaces of one of said contact pieces thereby establishing an electric contact interface to said one contact piece;","1","1","10","2","2",2
"12802","5408316-0001","5408316","said first and second electrodes and said furnace body being configured so as to cause the electric contact interfaces to be the electrical contacts to said furnace body;","1","1","11","2","2",2
"12803","5408316-0001","5408316","a separate hollow body interposed between said first and second electrodes and having an interior for accommodating said furnace tube therein;","1","1","12","2","2",2
"12804","5408316-0001","5408316","said hollow body including first passage means for facilitating placing a specimen in said specimen chamber; second passage means for conducting protective gas to said furnace body; and, third passage means for facilitating radiating a measuring light beam through said specimen chamber; and,","1","1","13","2","2",2
"12805","5408316-0001","5408316","said hollow body and said first and second electrodes being configured and disposed so as to conjointly surround said furnace body.","1","1","14","2","2",2
"12867","5414675-0001","5414675","1. apparatus for detecting targets on or above the bed of a body of water, comprising:","1","0","1","1","2",2
"12868","5414675-0001","5414675","a) acoustic transmitter means operable to periodically project a pulse of acoustic energy toward a target area of said bed;","1","1","2","2","2",2
"12869","5414675-0001","5414675","b) first and second receiver transducers positioned to receive acoustic energy reflected back from said target area, as a result of said projection, and operable in response thereto to provide corresponding respective first and second output signals;","1","1","3","2","2",2
"12870","5414675-0001","5414675","c) circuit means for deriving, from said first and second output signals, respective sum and difference signals;","1","1","4","2","2",2
"12871","5414675-0001","5414675","d) means for phase detecting said sum and difference signals; and","1","1","5","2","2",2
"12872","5414675-0001","5414675","e) means responsive to said phase detection for providing an output signal indicative of the presence of a possible target.","1","1","6","2","2",2
"12954","5420212-0001","5420212","1. a polymer blend comprising:","1","0","1","1","2",2
"12955","5420212-0001","5420212","(a) about 1 to 10 weight % of a concentrate comprising:","1","1","2","2","2",2
"12956","5420212-0001","5420212","(1) about 70 to 95 weight % of a polycarbonate resin;","1","2","3","3","2",2
"12957","5420212-0001","5420212","(2) about 5 to 30 weight % polycaprolactone having a weight average molecular weight of between about 10,000 and 100,000 and","1","2","4","3","2",2
"12958","5420212-0001","5420212","(3) about 0 to 25 weight % of a copolyester having repeat units derived from at least 90 mole % terephthalic acid, at least 85 mole % alkylene glycol and up to 15 mole % 1,4-cyclohexanedimethanol, said copolyester having a weight average molecular weight of between 40,000 and 55,000; and","1","2","5","3","2",2
"12959","5420212-0001","5420212","(b) about 99 to about 90 weight % of a copolyester having repeat units derived from at least 90 mole % terephthalic acid, at least 85 mole % ethylene glycol and from about 1.5 to 15 mole % 1,4-cyclohexanedimethanol, said copolyester having a weight average molecular weight of between 70,000 and 90,000.","1","1","6","2","2",2
"13172","5446319-0007","5446319","7. an energy storage apparatus comprising:","7","0","14","1","2",2
"13173","5446319-0007","5446319","a first fixed permanent magnet having a north and south pole and being permanently fixed at one end of a longitudinal axis with its magnetic field aligned along said axis;","7","14","15","2","2",2
"13174","5446319-0007","5446319","a moveable permanent magnet having a north and south pole and being movably positioned along said axis between said first magnet and a stop means at the other end of said axis, said third magnet having its magnetic field aligned along said axis and having an opposite pole facing said fixed magnet;","7","14","16","2","2",2
"13175","5446319-0007","5446319","guide means for positioning said third magnet along said axis and allowing movement of said third magnet along said axis between a charged position in which said moveable magnet is proximal said stop means and an uncharged position in which said moveable magnet is proximal said fixed magnet;","7","14","17","2","2",2
"13176","5446319-0007","5446319","locking means for releasably securing said moveable magnet in said charged position and allowing selective release of said moveable magnet;","7","14","18","2","2",2
"13177","5446319-0007","5446319","power transmission means for moving said moveable magnet along said longitudinal axis from said uncharged position to said charged position and harnessing kinetic energy from said moveable magnet when it is released from said charged position and moves to said uncharged position;","7","14","19","2","2",2
"13178","5446319-0007","5446319","a plurality of power-enhancing permanent magnets movably positioned along said axis between said third magnet and said fixed magnet, each of said power-enhancing magnets having its magnetic field aligned along said axis and having a north and south pole each positioned to face the opposite poles of adjacent magnets; and","7","14","20","2","2",2
"13179","5446319-0007","5446319","a plurality of magnet holding means, corresponding to said plurality of power-enhancing magnets, for locking each of said plurality of power-enhancing magnets in a selected position for optimizing use of the attraction forces between said power-enhancing magnets and movable magnet and for optimizing an energy storage capacity of the apparatus.","7","14","21","2","2",2
"13324","5453633-0001","5453633","1. a semiconductor memory device having a capacitor, comprising:","1","0","1","1","2",2
"13325","5453633-0001","5453633","(a) a semiconductor substrate having at least one transistor with a source region formed thereon;","1","1","2","2","2",2
"13326","5453633-0001","5453633","(b) an insulating layer formed over said substrate having said at least one transistor thereon, said insulating layer having an opening therethrough exposing said source region of said at least one transistor;","1","1","3","2","2",2
"13327","5453633-0001","5453633","(c) a capacitor storage electrode comprising:","1","1","4","2","2",2
"13328","5453633-0001","5453633","(1) an central pillar portion extending through said opening in said insulating layer and electrically connected to said source region, said central pillar portion having a longitudinal bore therein which extends downwardly towards said source region; and","1","4","5","3","2",2
"13329","5453633-0001","5453633","(2) a bottom portion extending outwardly from said central pillar portion at a point along said central pillar portion on or above an upper surface of said insulating layer;","1","4","6","3","2",2
"13330","5453633-0001","5453633","(d) a dielectric film formed over said storage electrode; and","1","1","7","2","2",2
"13331","5453633-0001","5453633","(e) a plate electrode formed over said dielectric film and electrically insulated from said storage electrode.","1","1","8","2","2",2
"13677","5482922-0018","5482922","18. a method for controlling weeds, which comprises applying to weeds a herbicidally effective amount of a herbicidal composition which comprises a herbicidally effective amount of the combination of (a) 2-(7-fluoro-3,4-dihydro-3-oxo-4-(2-propynyl)-2h-1,4-bezoxazin-6-yl)-4,5,6, 7-tetrahydro-1h-isoindol-1,3(2h)-dione of the formula: ##str8## and (b) 2-chloro-6'-ethyl-n-(2-methoxy-1-methylethyl)acet-o-toluidide) of the formula: ##str9## as the active ingredients, and an inert carrier of diluent, wherein the weight proportion of the components (a) and (b) is from 1:5 to 80.","18","0","18","1","1",1
"13928","5500558-0001","5500558","1. a semiconductor device having a planarized surface, comprising:","1","0","1","1","2",2
"13929","5500558-0001","5500558","a semiconductor substrate;","1","1","2","2","2",2
"13930","5500558-0001","5500558","an interconnection layer portion provided on a surface of said semiconductor substrate and having a plurality of elements of at least one interconnection layer spreading horizontally, comprising a high density portion having a relatively high number of interconnection elements and a low density portion comprising a relatively low number of said interconnection elements;","1","1","3","2","2",2
"13931","5500558-0001","5500558","a first interlayer insulating film provided on said semiconductor substrate to cover both said high interconnection density portion and said low interconnection density portion and having an insulating film surface;","1","1","4","2","2",2
"13932","5500558-0001","5500558","a second interlayer insulating film provided over said first interlayer insulating film; wherein","1","1","5","2","2",2
"13933","5500558-0001","5500558","at said high interconnection density portion, each of said first and second interlayer insulating films comprises a first silicon oxide film, a silicon nitride film and a second silicon oxide film, formed in this order relative to said substrate surface;","1","1","6","2","2",2
"13934","5500558-0001","5500558","at said low interconnection density portion, said first interlayer insulating film includes said first silicon oxide film, said silicon nitride film, a psg film and said second silicon oxide film, formed in this order relative to said substrate surface;","1","1","7","2","2",2
"13935","5500558-0001","5500558","variations in height, as determined from said surface of said semiconductor substrate to said first insulating film surface extending over said high and said low interconnection density portions are limited to be within a range of .+-.0.3 .mu.m.","1","1","8","2","2",2
"14089","5522882-0001","5522882","1. a balloon expandable stent-gaff delivery system comprising:","1","0","1","1","2",2
"14090","5522882-0001","5522882","a) a catheter having proximal and distal ends thereof;","1","1","2","2","2",2
"14091","5522882-0001","5522882","b) an expandable balloon attached near the distal end of said catheter wherein said balloon comprises an interior surface, an exterior surface, and first and second ends, said first and second ends being substantially non-tapered upon expansion of said balloon from a first unexpanded diameter to a second larger diameter;","1","1","3","2","2",2
"14092","5522882-0001","5522882","c) a stent having an interior surface, an exterior surface, and first and second ends thereof wherein said stent is positioned around said expandable balloon;","1","1","4","2","2",2
"14093","5522882-0001","5522882","d) a graft having an interior surface, an exterior surface, and first and second ends thereof wherein said graft is positioned around said stent such that said stent is concentrically contained within said graft; and","1","1","5","2","2",2
"14094","5522882-0001","5522882","(e) a substantially non-compliant sheath positioned over each of said first and second ends of said expandable balloon, wherein each of said sheaths is positioned adjacent to one of said first and second ends of said stent, respectively, without overlapping onto or underlying any region of said stent.","1","1","6","2","2",2
"14101","5523151-0001","5523151","1. in a magnetic recording medium obtained by preparing a dispersion comprising anisotropic magnetic material in a solution of a polymeric binder in an organic solvent, applying the dispersion as a layer to a nonmagnetizable substrate, and then orienting the anisotropic magnetic material along the intended recording direction in a magnetic field and solidifying the applied magnetic layer,","1","0","1","1","2",2
"14102","5523151-0001","5523151","the improvement wherein included in the dispersion are","1","1","2","2","2",2
"14103","5523151-0001","5523151","(1) a finely divided polysilicic acid rendered hydrophobic with chemically bound carbon in an amount of from 0.3 to 5% by weight, based on the amount of magnetic material,","1","2","3","3","2",2
"14104","5523151-0001","5523151","said water repellant polysilicic acid with chemically bound carbon having, a ph, measured in equal amounts of methanol and water, of from 7.5 to 12, and a bet surface area of from 70 to 400 m.sup.2 /g,","1","2","4","3","2",2
"14105","5523151-0001","5523151","and, additionally,","1","1","5","2","2",2
"14106","5523151-0001","5523151","(2) a polysiloxane having a viscosity of from greater than 10,000 to 500,000 mpa.s in an amount of from 0.1 to 1.5% by weight, based on the amount of magnetic material,","1","5","6","3","2",2
"14107","5523151-0001","5523151","whereby the smoothness, wear resistance and stability are improved.","1","5","7","3","2",2
"14275","5542256-0001","5542256","1. a sample holding device for a dilution refrigerator having a still, a mixing chamber, and a heat exchanger connected between the still and mixing chamber whereby coolant flows from the still to the mixing chamber and from the mixing chamber to the still through respective first and second adjacent paths in the heat exchanger and wherein the mixing chamber has a tubular portion, the sample holding device comprising a tube for insertion in the tubular portion of the mixing chamber and having means for holding a sample within the tubular portion, said tube having an aperture adjacent said sample holding means communicating between the interior of said tube and the interior of the tubular portion when said device is positioned in the dilution refrigerator and another aperture positioned to communicate between the interior of said tube and the second path in the heat exchanger.","1","0","1","1","2",2
"14396","5554294-0001","5554294","1. a method for dissolving slightly soluble sludge which is produced during chemical conversion coating of metal, consisting of agitating the sludge in an aqueous suspension containing hydrogen type strongly acidic cation exchange resin; ion-exchanging metallic components in the sludge with the resin and adsorbing the metallic components on the resin; dissolving oxyacid components in the sludge into liquid phase, and recovering the oxyacid components from the solution and the metallic components from the resin.","1","0","1","1","1",1
"14397","5555194-0017","5555194","17. a pixel cloning method for digital image retouching of a digital image having known image pixel values, the method comprising the steps of:","17","0","27","1","1",1
"14398","5555194-0017","5555194","selecting an area to be corrected, the area to be corrected being a cloned area;","17","27","28","2","1",1
"14399","5555194-0017","5555194","defining a surround area based on the cloned area;","17","27","29","2","1",1
"14400","5555194-0017","5555194","using the known image pixel values to determine model parameters of a functional linear model in each color for the cloned area and for the surround area to create cloned parameters and surround parameters; and","17","27","30","2","1",1
"14401","5555194-0017","5555194","adjusting values of the cloned pixels so that the cloned parameters match the surround parameters.","17","27","31","2","1",1
"14826","5592716-0001","5592716","1. a vacuum cleaner having a suction nozzle (14), a dust bag (12), means connecting the suction nozzle to the dust bag, and a turbo-fan unit (27) including an impeller (29) driven by an electric motor and placed after the dust bag as seen in a direction of air flow, said impeller (29) being driven by the motor at a speed above 50,000 rpm and creating a primary air stream which exits the turbo-fan unit via an outlet (30), wherein the vacuum cleaner comprises means for creating a secondary air stream which at least partially cools the electric motor (32), said secondary air stream flowing into the electric motor via an inlet (43) which is separate from the primary air stream, at least a portion of the secondary air stream being directed into the primary air stream to form a combined air stream, said combined air stream flowing generally opposite the direction of said secondary air stream.","1","0","1","1","2",2
"14856","5598172-0001","5598172","1. a microwave lens for receiving electromagnetic waves propagating in a first direction, said lens including a plurality of phase-shifting channels stacked along a second direction substantially normal to said first direction, said channels being separated from one another by conductive plates substantially perpendicular to said second direction, each of said channels including a plurality of phase-shifting panels disposed substantially perpendicular to said first direction, each of said panels carrying conductive wires substantially parallel to said second direction, said wires carrying diodes, the control of the on or off state of said diodes of a panel varying the phase shift induced by the panel on said waves, each of said channels being divided into at least two subchannels by means of an intermediate conductive plate disposed between two said conductive plates and substantially parallel thereto, the distance between one intermediate conductive plate and one adjacent conductive plate being at most equal to the half-wavelength of said waves, said two subchannels being respectively assigned to two waves whose electric fields are orthogonal, each including a plurality of phase-shifting panels, and means for rotating by 90.degree. the polarization of the incident wave.","1","0","1","1","2",2
"15282","5637228-0001","5637228","1. a method for producing primary treated brine at the wellhead of underground depleted salt caverns which comprises:","1","0","1","1","1",1
"15283","5637228-0001","5637228","injecting into the depleted salt cavern raw saturated brine produced at an operating wellhead containing metal ion impurities including calcium and magnesium, through a wellhead injecting tubing terminating at a mixer and radial distributor, located in the upper portion of the cavern, said wellhead injecting tubing having inner tubing for injecting treatment chemicals, center tubing for injecting raw brine and outer annulus tubing for removing primary treated brine,","1","1","2","2","1",1
"15284","5637228-0001","5637228","injecting a solution of treatment chemicals, including sodium carbonate and caustic soda, through the inner injecting tubing located inside said raw brine injection tubing and terminating above said mixer which is located inside the raw brine tubing, thereby providing a reaction zone in the upper portion of the cavern, to produce a mixture of the raw brine with the treatment chemicals in the reaction zone,","1","1","3","2","1",1
"15285","5637228-0001","5637228","injecting the mixture produced, into the cavern through the radial distributor located in the upper portion of the cavern and at the end of the tubing after the mixer and positioned in the cavern above the bottom portion of the cavern, to cause the reaction of the treatment chemicals with the impurities in the raw brine and the precipitation of waste precipitates including calcium carbonate and magnesium hydroxide which settle to the lower portion and bottom of the cavern thereby causing the movement of the brine to the upper portion of the cavern, and","1","1","4","2","1",1
"15286","5637228-0001","5637228","removing the purified brine so produced from the cavern through the outer annulus of the wellhead tubing located in the upper portion of the cavern.","1","1","5","2","1",1
"15383","5648409-0001","5648409","1. a self-dispersing curable epoxy resin composition comprising the addition product of reactants comprising (a) an epoxy resin, (b) from about 0.40 to 0.95 reactive equivalents of a polyhydric phenol per reactive equivalent of said epoxy resin, and (c) from about 0.005 to 0.5 reactive equivalents of an amine-epoxy adduct per reactive equivalent of said epoxy resin said amine-epoxy adduct comprising the addition product of reactants comprising an aromatic polyepoxide and from about 0.3 to 0.9 reactive equivalents of a polyoxyalkyleneamine per reactive equivalent of said aromatic polyepoxide.","1","0","1","1","2",2
"15576","5664412-0001","5664412","1. a combustion chamber head assembly with a variable geometry fuel injector for a gas turbine engine, comprising a combustor head defining an enclosed combustor head volume separated on its downstream side from a combustion region by an endwall which is pierced by a multiplicity of apertures including at least one fuel-air mixture aperture and a plurality of air-only apertures, at least one fuel injector assembly defining a fuel-air mixing region opening through the fuel-air mixture aperture into the combustion region, the at least one fuel injector assembly comprising a plurality of concentric rings which define a first inner annular air passage and a second outer annular air passage, a fuel nozzle located axially with respect to the annular air passages and which, in operation, sprays fuel into the fuel-air mixing region, and an airflow controller including a movable diverter member for selectively closing the second outer annular air passage and selectively opening a third passage such that air is either admitted into the fuel-air mixing region or is redirected to the third passage leading to the plurality of air-only apertures.","1","0","1","1","2",2
"15619","5667934-0001","5667934","1. a photo-patternable solder mask thermally stable at 360.degree. c., consisting essentially of a photosensitive cationic photoinitiator admixed with a cationic polymerizable epoxy resin, a solvent and a filler consisting essentially of an optically transparent silicon dioxide filler transparent to wavelength of 310 to 400 nanometers, said composition having a coefficient of thermal expansion of 28-40 ppm/.degree.c., wherein said solder mask is both an encapsulant and a dielectric.","1","0","1","1","2",2
"16143","5723084-0001","5723084","1. a process for the production of flash-spun plexifilamentary film-fibril strands of a high molecular weight alternating copolymer of ethylene and carbon monoxide or a high molecular weight alternating copolymer having alternating polymerized units of carbon monoxide and at least two different olefin units one of which is ethylene, and the remainder are selected from the group consisting of propylene, butene, pentene, hexene, heptene, octene, nonene, decene, dodecene, styrene, methyl acrylate, methyl methacrylate, vinyl acetate, undecenoic acid, undecenol, 6-chlorohexene, n-vinylpyrrolidone, and the diesters of vinylphosphonic acid in which a majority of the olefin units are ethylene units which comprises forming a spin solution of said alternating copolymer in a solvent having an atmospheric boiling point between 0.degree. c. and 210.degree. c., and selected from the group consisting of alcohols and halogenated hydrocarbons having 1 to 3 carbon atoms and spinning said spin solution at a pressure that is greater than the autogenous pressure of the spin solution into a region of substantially lower pressure and at a temperature at least 50.degree. c. higher than the atmospheric boiling point of the solvent to form plexifilamentary film-fibril strands of said alternating copolymer.","1","0","1","1","1",1
"16899","5792688-0013","5792688","13. a method of fabricating a stacked capacitor structure, (stc), for a dram device, in which a surface area of a storage node electrode is increased via use of a storage node electrode configuration, consisting of a lower shape of a flat, polysilicon plug, used for contact to an underlying transistor region, and of an upper polysilicon shape of polysilicon columns, extending above a top surface of said flat, polysilicon plug, comprising the steps of:","13","0","26","1","1",1
"16900","5792688-0013","5792688","depositing a silicon nitride layer on an underlying transfer gate transistor, of said dram device;","13","26","27","2","1",1
"16901","5792688-0013","5792688","depositing a first silicon oxide layer on said silicon nitride layer;","13","26","28","2","1",1
"16902","5792688-0013","5792688","opening a contact hole in said first silicon oxide layer, and in said silicon nitride layer, to expose top surface of said underlying transistor region;","13","26","29","2","1",1
"16903","5792688-0013","5792688","depositing a first polysilicon layer on top surface of said first silicon oxide layer, and on said top surface of said underlying transistor region, exposed in said contact hole;","13","26","30","2","1",1
"16904","5792688-0013","5792688","anisotropic etching of said first polysilicon layer, forming said flat, polysilicon plug, recessed in said contact hole, with said top surface of said flat, polysilicon plug, in bottom portion of said contact hole, between about 2500 to 6000 angstroms below the top surface of said first silicon oxide layer;","13","26","31","2","1",1
"16905","5792688-0013","5792688","depositing a second polysilicon layer on the top surface of said flat, polysilicon plug, in the bottom portion of said contact hole, and also depositing said second polysilicon layer on the top surface of said first silicon oxide layer, in regions outside said contact hole;","13","26","32","2","1",1
"16906","5792688-0013","5792688","depositing a second silicon oxide layer on said second polysilicon layer, completely filling top portion of said contact hole;","13","26","33","2","1",1
"16907","5792688-0013","5792688","a first chemical mechanical polishing procedure to remove said second silicon oxide layer from a top surface of said second polysilicon layer, exposing the top surface of said second polysilicon layer, in the regions outside said contact hole, while leaving said second silicon oxide layer in the top portion of said contact hole;","13","26","34","2","1",1
"16908","5792688-0013","5792688","a second chemical mechanical polishing procedure to remove said second polysilicon from the top surface of said first silicon oxide layer, in the regions outside said contact hole, exposing the top surface of said first silicon oxide layer, and creating said polysilicon columns on sides of the top portion of said contact hole, with said polysilicon columns overlying said flat, polysilicon plug, while leaving said second silicon oxide layer in the top portion of said contact hole, between said polysilicon columns;","13","26","35","2","1",1
"16909","5792688-0013","5792688","selective, wet removal of said first silicon oxide layer, and of said second silicon oxide layer, exposing said storage node electrode, comprised of polysilicon columns, overlying, and extending above, the top surface of said flat, polysilicon plug, and also exposing said underlying transfer gate transistor, of said dram device, covered with said silicon nitride layer;","13","26","36","2","1",1
"16910","5792688-0013","5792688","forming a dielectric layer on top surface of said storage node electrode;","13","26","37","2","1",1
"16911","5792688-0013","5792688","depositing a third polysilicon layer on said dielectric layer; and","13","26","38","2","1",1
"16912","5792688-0013","5792688","patterning of said third polysilicon layer to form plate electrode, of said stc structure.","13","26","39","2","1",1
"17139","5820204-0010","5820204","10. a vehicle body comprising:","10","0","37","1","2",2
"17140","5820204-0010","5820204","a roof side rail extended at an upper side portion of said vehicle body in a longitudinal direction thereof;","10","37","38","2","2",2
"17141","5820204-0010","5820204","a floor provided at a lower portion of said vehicle body to form a passenger compartment;","10","37","39","2","2",2
"17142","5820204-0010","5820204","a side sill extended at a lower side portion of said vehicle body in the longitudinal direction thereof;","10","37","40","2","2",2
"17143","5820204-0010","5820204","a center pillar interposed between said roof side rail and said side sill at an intermediate position of a vehicle length and extended in a vertical direction of said vehicle body, said center pillar including a center pillar outer panel and a center pillar inner panel, and said center pillar inner panel providing a closed bottom to said center pillar and said closed bottom abutting said side sill;","10","37","41","2","2",2
"17144","5820204-0010","5820204","a doubler mounted on said floor, extending in a lateral direction of said vehicle body, and connecting with said side sill and said center pillar;","10","37","42","2","2",2
"17145","5820204-0010","5820204","a pillar mating section formed at an upper end portion of said doubler for covering a lower portion of said center pillar above said side sill; and","10","37","43","2","2",2
"17146","5820204-0010","5820204","a side sill mating section formed at a front side and a rear side of said pillar mating section for connecting to an upper surface of said side sill;","10","37","44","2","2",2
"17147","5820204-0010","5820204","wherein said side sill mating section has a greater width (d) in the longitudinal direction of said vehicle body than that (d) of said pillar mating section;","10","37","45","2","2",2
"17148","5820204-0010","5820204","the greater width (d) provides a lesser cross-sectional height to thereby provide a flattened configuration in order to more easily collapse when said vehicle body is subject to collision with another vehicle from a sideward direction than a middle portion of said center pillar so as to protect a passenger therein by effectively absorbing a shock and to provide augmented room in the passenger compartment;","10","37","46","2","2",2
"17149","5820204-0010","5820204","said center pillar inner panel has an anchoring hall; and","10","37","47","2","2",2
"17150","5820204-0010","5820204","said pillar mating section has an area within which to nest said center pillar inner panel below said anchoring hall; and","10","37","48","2","2",2
"17151","5820204-0010","5820204","whereby a lower portion of said anchoring hall is framed by said pillar mating section.","10","37","49","2","2",2
"17190","5822114-0010","5822114","10. a stereomicroscope comprising:","10","0","32","1","2",2
"17191","5822114-0010","5822114","a first reflecting member for bending an optical path leading from an object in a substantially horizontal direction,","10","32","33","2","2",2
"17192","5822114-0010","5822114","a second reflecting member for deflecting the optical path which is bent by said first reflecting member in a substantially horizontal plane,","10","32","34","2","2",2
"17193","5822114-0010","5822114","a third reflecting member for deflecting the optical path which is deflected by said second reflecting member on a substantially horizontal plane so as to turn it to a direction substantially parallel to the optical path leading from said first reflecting member to said second reflecting member,","10","32","35","2","2",2
"17194","5822114-0010","5822114","a fourth reflecting member for deflecting the optical path which is deflected by said third reflecting member so as to turn it in a direction substantially parallel to the optical path leading from said object to be observed to said first reflecting member, an optical system disposed between said first reflecting member and said fourth reflecting member, and comprising a variable magnification optical system having a single optical axis; an image erecting optical system disposed on a reflecting side of said fourth reflecting member, and","10","32","36","2","2",2
"17195","5822114-0010","5822114","an eyepiece optical system; wherein said stereomicroscope is configured so as to lead, to right and left eyes of an observer by way of said eyepiece optical system, rays which are emitted from the object to be observed and have passed through portions apart from an optical axis of said optical system comprising the variable magnification optical system.","10","32","37","2","2",2
"17696","5873538-0012","5873538","12. a magnetic tape cassette comprising:","12","0","24","1","2",2
"17697","5873538-0012","5873538","a casing in which a magnetic tape is arranged; and","12","24","25","2","2",2
"17698","5873538-0012","5873538","a front lid and rear lid arranged so as to selectively cover a front portion of said casing and protect said magnetic tape, said front lid being pivotally supported on said casing, said rear lid being pivotally supported on said front lid and being movable in connection with the movement of said front lid, said front lid and rear lid extending substantially from an upper end of said casing to a lower end of said casing, wherein:","12","24","26","2","2",2
"17699","5873538-0012","5873538","said front lid and rear lid are provided with facing portions at their lower ends, respectively said facing portions being arranged so as to relatively move to overlap and face each other when said front lid is pivotally moved to cover said front portion of said casing and to face along an arc defined by a locus of said facing portion of said rear lid when said rear lid is pivotally moved wherein said facing portions of said front and rear lids are formed so as to be tangential to said arc.","12","24","27","2","2",2
"18048","5910366-0001","5910366","1. an ion-selective electrode, comprising:","1","0","1","1","2",2
"18049","5910366-0001","5910366","an electrode; and","1","1","2","2","2",2
"18050","5910366-0001","5910366","a polyaromatic ether coated on said electrode, said polyaromatic ether having the formula ##str5## wherein n is a finite integer greater than 0, a is selected from the group consisting of sulfonic acid and carboxylic acid groups and b and c are selected from the group consisting of lower alkyl and phenyl groups,","1","1","3","2","2",2
"18051","5910366-0001","5910366","said polyaromatic ether being coated on the electrode to form an ion-selective electrode having an ion-exchange capacity of 1.5-1.9 meq/g and a resistivity less than 1.2.omega./cm.sup.2.","1","1","4","2","2",2
"18052","5912556-0012","5912556","12. a geartooth sensor, comprising:","12","0","26","1","2",2
"18053","5912556-0012","5912556","a lead assembly, said lead assembly being made of a ferromagnetic material;","12","26","27","2","2",2
"18054","5912556-0012","5912556","a bias magnet, a pole face of said magnet being disposed adjacent said lead assembly;","12","26","28","2","2",2
"18055","5912556-0012","5912556","a carrier formed from an electrically insulative material, said lead assembly and said magnet being at least partially encapsulated and immobile within said carrier, said carrier being shaped to form a cavity proximate an unencapsulated portion of said lead assembly, said unencapsulated portion of said lead assembly being exposed within said cavity; and","12","26","29","2","2",2
"18056","5912556-0012","5912556","a magnetically sensitive component biased by said magnet and disposed with said cavity and connected directly on at least one of a plurality of individual leads of said lead assembly, said magnetically sensitive component being an unencapsulated semiconductor.","12","26","30","2","2",2
"18235","5930659-0005","5930659","5. a method of fabricating a gap or space in a conductive line pattern comprising the steps of:","5","0","12","1","1",1
"18236","5930659-0005","5930659","forming a polysilicon conductive line pattern disposed on a semiconductor substrate having field isolation, said conductive line pattern being partially disposed on said field isolation;","5","12","13","2","1",1
"18237","5930659-0005","5930659","forming an insulating layer on said conductive line pattern;","5","12","14","2","1",1
"18238","5930659-0005","5930659","forming an opening in said insulating layer over said field isolation using optical lithography;","5","12","15","2","1",1
"18239","5930659-0005","5930659","depositing a conformal layer on said insulating layer and in said opening;","5","12","16","2","1",1
"18240","5930659-0005","5930659","forming sidewalls from the conformal layer in said opening with a reduced opening between the sidewalls to expose a portion of the polysilicon;","5","12","17","2","1",1
"18241","5930659-0005","5930659","converting said exposed portion of said polysilicon into silicon oxide;","5","12","18","2","1",1
"18242","5930659-0005","5930659","using the silicon oxide portion to form an insulating space over said field isolation in the polysilicon line pattern.","5","12","19","2","1",1
"18546","5956165-0012","5956165","12. a drop/insert facility apparatus for updating a modulated optical data signal in a communication network, wherein the modulated optical data signal comprises a high data rate signal and a subcarrier signal, and wherein the communication network includes first and second sites connected by a first fiber link carrying the modulated optical data signal between the first and second sites, comprising:","12","0","49","1","2",2
"18547","5956165-0012","5956165","means for processing the subcarrier signal information, wherein the drop/insert facility receives a coupled portion of the modulated optical data signal;","12","49","50","2","2",2
"18548","5956165-0012","5956165","means for updating the subcarrier signal information,","12","49","51","2","2",2
"18549","5956165-0012","5956165","an optical coupler, to couple said portion of the modulated optical data signal;","12","49","52","2","2",2
"18550","5956165-0012","5956165","optical processor means, processing the subcarrier modulation signal of said coupled portion of the modulated optical data signal, to generate a first electrical signal representative of the subcarrier modulation signal of said coupled portion of the modulated optical data signal;","12","49","53","2","2",2
"18551","5956165-0012","5956165","an amplifier, coupled to said optical processor means, to amplify said first electrical signal;","12","49","54","2","2",2
"18552","5956165-0012","5956165","a subcarrier receiver to receive a tapped portion of said amplified first electrical signal;","12","49","55","2","2",2
"18553","5956165-0012","5956165","a subcarrier signal error counter coupled to said subcarrier receiver;","12","49","56","2","2",2
"18554","5956165-0012","5956165","an inverter, receiving a remaining portion of said amplified first electrical signal, to create an inverted electrical signal representation of the subcarrier modulation signal of the modulated optical data signal from the first fiber link;","12","56","57","3","2",2
"18555","5956165-0012","5956165","a local control unit, in electrical communication with said subcarrier receiver said local control unit, including a data receive buffer to receive subcarrier information from said subcarrier receiver, a data transmit buffer to send data relayed by said local control unit, and a processor to process subcarrier information received by said data receive buffer, wherein said local control unit places updated signal status information of the modulated optical data signal from the first fiber link onto said data transmit buffer; and","12","56","58","3","2",2
"18556","5956165-0012","5956165","a new subcarrier transmitter in electrical communication with said data transmit buffer to generate a new subcarrier modulation signal.","12","56","59","3","2",2
"18607","5960444-0020","5960444","20. a computer program comprising:","20","0","56","1","2",2
"18608","5960444-0020","5960444","a computer usable medium having computer readable code embodied therein for causing global indexing of a masterfile where the master bookfile includes at least one bookfile of a first version of a word processing program and at least one bookfile references a plurality of documents, the computer program product including:","20","56","57","2","2",2
"18609","5960444-0020","5960444","computer readable program code devices configured to cause a computer to effect receiving a name of the at least one bookfile in the first version of the word processing program and the at least one bookfile in the second version of the word processing program from the user;","20","57","58","3","2",2
"18610","5960444-0020","5960444","computer readable program code devices configured to cause a computer to effect writing initial computer readable data to a scratch file;","20","57","59","3","2",2
"18611","5960444-0020","5960444","computer readable program code devices configured to cause a computer to effect specifying that the master bookfile be formatted according to the second version of the word processing program;","20","57","60","3","2",2
"18612","5960444-0020","5960444","computer readable program code devices configured to cause a computer to effect; and","20","57","61","3","2",2
"18613","5960444-0020","5960444","computer readable program code devices configured to cause a computer to effect writing middle computer readable data to a scratch file for each document in accordance with the first version of the word processing program of the bookfile.","20","57","62","3","2",2
"18648","5964909-0001","5964909","1. a filter cartridge having a secure dust tight seal and being easily inserted and removed from an opening in a tube sheet of a filtration unit, the filter cartridge comprising a cartridge unit having a filter element, a bottom cap and a top boot constructed of a flexible material, and a rigid sealing sleeve for insertion into the interior of the top boot, the top boot having an outside diameter which is slightly smaller than the inside diameter of an opening in a tube sheet into which the filter cartridge is to be inserted so that the cartridge is easily inserted into and removed from the opening in a tube sheet, the lop boot further having a sealing ridge, located in the inside of the boot at the sealing point, the inside diameter of the sealing ridge being smaller than the top boot and the sealing sleeve, whereby when the rigid sealing sleeve is inserted into the top boot, the said sealing sleeve contacts the sealing ridge and causes an increase in diameter of the sealing ridge which in turn causes the side wall of the top boot to balloon outwardly to contact the side of the opening in a tube sheet and form a dust tight seal around the opening in the tube sheet into which the filter cartridge is inserted.","1","0","1","1","2",2
"19010","6000265-0001","6000265","1. a spring manufacturing apparatus for forming a coil spring having a desired shape by feeding a wire to be formed into a spring onto a forming table and pressing tools disposed on said forming table against the feed wire, characterized by comprising, on said forming table:","1","0","1","1","2",2
"19011","6000265-0001","6000265","wire feeding means for feeding the wire onto said forming table;","1","1","2","2","2",2
"19012","6000265-0001","6000265","tool support means for supporting said tools in positions where said tools oppose the fed wire; and","1","1","3","2","2",2
"19013","6000265-0001","6000265","moving means for moving said tool support means in a direction substantially parallel to a forming table surface and substantially perpendicular to a wire feed direction and in a direction substantially parallel to the forming table surface and the wire feed direction,","1","1","4","2","2",2
"19014","6000265-0001","6000265","wherein said moving means including a first table movable in the direction parallel to the forming table surface and perpendicular to the wire feed direction, a second table movable in the direction parallel to the forming table surface and the wire feed direction independently of said first table, a third table disposed on said first table and slidable in the direction parallel to the forming surface and the wire feed direction, and a fourth table disposed on said first table and movable in a direction parallel to the forming table surface and inclined to the wire feed direction; and linking means, disposed on said first table, for moving said third and fourth table upon movement of said second table, moves said tool support means to make tool end portions draw predetermined loci with respect to the feed direction of the wire.","1","1","5","2","2",2
"19424","6041748-0001","6041748","1. pipe module in an intake tract of an internal combustion engine, the pipe module having between 2 and 6 curved pipes, wherein a functional element operating as a dampening volume is disposed in a curvature area of the curved pipes and further wherein the functional element is a bypass resonator.","1","0","1","1","2",2
"19432","6043887-0006","6043887","6. a method of determining a state of polarization of a beam of light comprising the steps of:","6","0","13","1","1",1
"19433","6043887-0006","6043887","a) providing a first beam;","6","13","14","2","1",1
"19434","6043887-0006","6043887","b) dividing the first beam into two sub-beams;","6","13","15","2","1",1
"19435","6043887-0006","6043887","c) dividing each of the two sub-beams into two further sub-beams to obtain four sub-beams of light, wherein the step of dividing in at least (b) or (c) is performed in a polarization dependent manner;","6","13","16","2","1",1
"19436","6043887-0006","6043887","d) causing a phase retardation in any of the four sub-beams;","6","13","17","2","1",1
"19437","6043887-0006","6043887","e) detecting the intensity of the each of the four sub-beams; and,","6","13","18","2","1",1
"19438","6043887-0006","6043887","f) in dependence upon the detected intensities solving a system of equations that characterize the optical system to determine the state of polarization of the input beam.","6","13","19","2","1",1
"19552","6054755-0001","6054755","1. a semiconductor device comprising:","1","0","1","1","2",2
"19553","6054755-0001","6054755","a plastic substrate having a die-bonding area and a vent hole formed in the die-bonding area so as to extend vertically therethrough, the vent hole having upper and lower open ends;","1","1","2","2","2",2
"19554","6054755-0001","6054755","a solder resist film formed on the die-bonding area so as to cover the upper open end of the vent hole;","1","1","3","2","2",2
"19555","6054755-0001","6054755","a semiconductor chip die-bonded by an adhesive agent on the solder resist film on the die-bonding area of the plastic substrate; and","1","1","4","2","2",2
"19556","6054755-0001","6054755","a sealing resin overmolding the semiconductor chip, wherein the solder resist film has gas permeability and prevents the adhesive agent from flowing into the vent hole.","1","1","5","2","2",2
"20303","6129040-0001","6129040","1. a semiconductor mounting apparatus for applying adhesive to a chip mounting surface on a substrate, including:","1","0","1","1","2",2
"20304","6129040-0001","6129040","an adhesive dispensing head;","1","1","2","2","2",2
"20305","6129040-0001","6129040","a first actuator;","1","1","3","2","2",2
"20306","6129040-0001","6129040","a second actuator;","1","1","4","2","2",2
"20307","6129040-0001","6129040","a third actuator;","1","1","5","2","2",2
"20308","6129040-0001","6129040","a first carriage movable in a first dimension parallel to the chip mounting surface using said first actuator and movable in a second dimension parallel to the chip mounting surface using said second actuator;","1","1","6","2","2",2
"20309","6129040-0001","6129040","a guide, said guide connected to said first carriage and running in a third dimension perpendicular to said chip mounting surface;","1","1","7","2","2",2
"20310","6129040-0001","6129040","a second carriage connected to said guide and moveable along said guide in the third dimension using said third actuator, said second carriage carrying said adhesive dispensing head;","1","1","8","2","2",2
"20311","6129040-0001","6129040","said third actuator having a positioning motor mounted in a stationary manner and an auxiliary carriage driven by said motor, said auxiliary carriage attached to a stationary guide and moveable along said stationary guide in the third dimension, said auxiliary carriage further having a positioning surface parallel to said chip mounting surface; and","1","1","9","2","2",2
"20312","6129040-0001","6129040","said second carriage having a stop, wherein said stop cooperates with said positioning surface of said auxiliary carriage and which is kept in constant contact with said positioning surface of said auxiliary carriage.","1","1","10","2","2",2
"20398","6137669-0001","6137669","1. a lithium ion polymer battery which comprises","1","0","1","1","2",2
"20399","6137669-0001","6137669","(a) a laminar battery element surrounded by an insulating material, said battery element comprising (1) first and second battery electrodes, (2) an anode, (3) a separator, (4) a cathode, and (5) and electrolyte; and","1","1","2","2","2",2
"20400","6137669-0001","6137669","(b) a laminar temperature sensor positioned in direct contact with the insulating material and covering at least 75% of one laminar surface of the insulating material, said sensor having a resistance at 20.degree. c. r.sub.t and comprising","1","1","3","2","2",2
"20401","6137669-0001","6137669","(1) a laminar sheet which (a) has a first surface and a second opposite surface, and (b) comprises a conductive polymer composition which exhibits ptc behavior;","1","3","4","3","2",2
"20402","6137669-0001","6137669","(2) a plurality of sensing elements (a) which are electrically connected in series, and (b) each of which comprises an electrode pair, said electrode pair comprising a first electrode and a second electrode, said electrodes being separated from each other and in contact with the laminar sheet; and","1","3","5","3","2",2
"20403","6137669-0001","6137669","(3) two electrical leads for connecting the sensing elements into a circuit.","1","3","6","3","2",2
"20792","6170713-0033","6170713","33. a pump comprising:","33","0","75","1","2",2
"20793","6170713-0033","6170713","a pump housing defining a pump chamber, the pump housing including an inlet opening, the pump housing further including a first inlet sealing surface;","33","75","76","2","2",2
"20794","6170713-0033","6170713","a pump piston reciprocable in the pump housing in a first, axially-inward direction and a second, axially-outward direction, reciprocation in the first direction terminating at a first location at the bottom of a stroke of the pump piston, the pump piston including an outlet opening, the pump piston further including a first outlet sealing surface, the first outlet sealing surface including at least one axial slot;","33","75","77","2","2",2
"20795","6170713-0033","6170713","a piston spring biasing the pump piston in the second direction;","33","75","78","2","2",2
"20796","6170713-0033","6170713","an inlet valve including a second inlet sealing surface, the second inlet sealing surface engaging the first inlet sealing surface to thereby close the inlet opening;","33","75","79","2","2",2
"20797","6170713-0033","6170713","an outlet valve including a second outlet sealing skirt, the second outlet sealing skirt engaging the first outlet sealing surface throughout movement of the outlet valve relative to the pump piston, the second outlet sealing skirt cooperating with the at least one axial slot to thereby open the outlet opening, wherein an axially outer end of the inlet valve cooperates with an axially inner end of the outlet valve, to thereby open the outlet opening when the pump piston is at the first location; and","33","75","80","2","2",2
"20798","6170713-0033","6170713","an outlet valve spring biasing the outlet valve to close the outlet opening.","33","75","81","2","2",2
"21015","6195828-0015","6195828","15. a brush section for an electric toothbrush, comprising","15","0","18","1","2",2
"21016","6195828-0015","6195828","a mounting tube (2) in which is disposed an actuatable plug-on shaft (3) mounted for rotation about a longitudinal axis (4), said shaft comprising a driving element (24) arranged about the longitudinal axis (4),","15","18","19","2","2",2
"21017","6195828-0015","6195828","a bristle carrier (8) mounted for rotation about a transverse axis (10) and comprising a driven element (22) arranged about the transverse axis (10) and coupled with the driving element (24),","15","18","20","2","2",2
"21018","6195828-0015","6195828","whereby a rotary movement of the plug-on shaft (3) about the longitudinal axis (4) produces a rotary movement of the bristle carrier (8) about the transverse axis (10), and","15","18","21","2","2",2
"21019","6195828-0015","6195828","wherein the plug-on shaft (3) and the bristle carrier (8) are braced against the mounting tube (2).","15","18","22","2","2",2
"21055","6199137-0007","6199137","7. a method of controlling data flow through an io controller in a computer system comprising:","7","0","13","1","1",1
"21056","6199137-0007","6199137","entering a reconfiguration mode upon the existence of one or more predetermined conditions;","7","13","14","2","1",1
"21057","6199137-0007","6199137","determining a desired configuration for said io controller;","7","13","15","2","1",1
"21058","6199137-0007","6199137","reprogramming said io controller to allow for processing of one or more descriptor lists;","7","13","16","2","1",1
"21059","6199137-0007","6199137","modifying the configuration of said io controller to reflect the addition or deletion of one or more virtual controllers;","7","13","17","2","1",1
"21060","6199137-0007","6199137","re-enumerating said io controller;","7","13","18","2","1",1
"21061","6199137-0007","6199137","creating a descriptor list for each of said io controller and said one or more virtual controllers; and","7","13","19","2","1",1
"21062","6199137-0007","6199137","wherein said predetermined conditions include increased or decreased data flow through said io controller.","7","13","20","2","1",1
"21139","6205553-0001","6205553","1. a method for controlling independent secure transactions between a user and one of a plurality of different service providers comprising the steps of:","1","0","1","1","1",1
"21140","6205553-0001","6205553","the user acquiring a physical device independently of any service provider by the user, said physical device comprises a public key (kup) and a secret key (kus) and remains unchanged following the step of acquiring;","1","1","2","2","1",1
"21141","6205553-0001","6205553","the user presenting of the physical device and associated identifier to said one service provider;","1","1","3","2","1",1
"21142","6205553-0001","6205553","the service provider supplying the user with a certified digital profile by the service supplier which comprises access rights to a given service of said one service provider, the identifier which identifies the user to the service provider, and the public key of the physical device; and","1","1","4","2","1",1
"21143","6205553-0001","6205553","initiating a secure transaction with said one service provider, by the user providing the certified digital profile to said one service provider and by the user providing authentication by encrypting a random number sent by said one service provider using the secret key of the physical device.","1","1","5","2","1",1
"21210","6211058-0001","6211058","1. a method of forming semiconductor devices comprising:","1","0","1","1","1",1
"21211","6211058-0001","6211058","a) providing a core region;","1","1","2","2","1",1
"21212","6211058-0001","6211058","b) forming a p1 region on said core region;","1","1","3","2","1",1
"21213","6211058-0001","6211058","c) forming a p2 region on said p1 region;","1","1","4","2","1",1
"21214","6211058-0001","6211058","d) forming a plurality of contacts, said ones of said contacts to said p1 region being a different size from ones of said contacts to said core region,","1","1","5","2","1",1
"21215","6211058-0001","6211058","wherein said ones of said contacts to said p1 region are smaller than said ones of said contacts to said core region, and","1","5","6","3","1",1
"21216","6211058-0001","6211058","e) wherein said ones of said contacts to said p1 region are smaller than ones of said contacts to said p2 region.","1","1","7","2","1",1
"21264","6215601-0001","6215601","1. a head belt for a head magnifying glass, wherein the head magnifying glass has a fixer with a first end and a second end, the head belt comprising:","1","0","1","1","2",2
"21265","6215601-0001","6215601","a first head belt coupled to the first end of the fixer;","1","1","2","2","2",2
"21266","6215601-0001","6215601","a second head belt coupled to the second end of the fixer, wherein more than one vertical buttoning holes are formed on the first head belt;","1","1","3","2","2",2
"21267","6215601-0001","6215601","only one buttoning seat coupled to the second head belt and forming a vacancy between the buttoning seat and the second head belt, wherein a through hole is formed in the buttoning seat;","1","1","4","2","2",2
"21268","6215601-0001","6215601","a movable plate pivotally coupled to the buttoning seat, wherein a clamping key is set up at one end of the movable plate for engaging with the through hole of the buttoning seat, and a spring plate is established at the other end of the movable plate.","1","1","5","2","2",2
"21412","6225646-0018","6225646","18. an integrated circuit, comprising:","18","0","33","1","2",2
"21413","6225646-0018","6225646","a memory cell arranged upon and in contact with a non-semiconducting substrate; and","18","33","34","2","2",2
"21414","6225646-0018","6225646","a transistor arranged elevationally above the memory cell.","18","33","35","2","2",2
"21857","6260980-0001","6260980","1. a tool comprising a handle assembly, a workpiece assembly extending from the handle assembly, said handle assembly comprising a flashlight mechanism, the front end of the handle assembly being transparent whereby lighting the flashlight will emit light through the transparent front end, said workpiece assembly having a pickup assembly associated therewith, said workpiece assembly comprises a tube assembly extending from said handle assembly said pickup assembly being removably mounted within said tube assembly said pickup assembly having means for extending it beyond the front end of the tube assembly the front end of said pickup assembly having magnetic pickup means thereon, said pickup assembly being telescopically extendable said pickup assembly being adapted to be wholly collapsed within the tube assembly and to be telescopically extended beyond the front end of the tube assembly means in the front end of the tube assembly to hold a workpiece bit therein, and holding means for removably holding the pickup assembly within the tube assembly.","1","0","1","1","2",2
"21915","6266573-0001","6266573","1. a process for controlling draft of textile fiber material in a drafting textile machine drafting system, said process comprising the steps of:","1","0","1","1","1",1
"21916","6266573-0001","6266573","measuring a characteristic of the fiber material with a measuring device prior to entry of the fiber material into the drafting system and generating measured values from said measuring step;","1","1","2","2","1",1
"21917","6266573-0001","6266573","correcting the measured values;","1","1","3","2","1",1
"21918","6266573-0001","6266573","drafting the fiber material at the drafting point of the drafting system by controlling drafting elements of the drafting system as a function of the corrected measured values; and","1","1","4","2","1",1
"21919","6266573-0001","6266573","wherein said step of correcting the measured values further comprises the control steps of:","1","1","5","2","1",1
"21920","6266573-0001","6266573","transmitting the measured values to a correction device arid with the correction device, generating a mathematical simulation of a draft regulation error curve that compensates for any combination of operating properties of the drafting elements, magnitude of fiber material thickness deviation from a target value, and the gradient of the fiber material thickness deviation;","1","5","6","3","1",1
"21921","6266573-0001","6266573","generating error correction values with the correction device based on deviations between the draft regulation error curve and the measured values; and","1","5","7","3","1",1
"21922","6266573-0001","6266573","applying the error correction values to the measured values prior to obtaining the corrected measured values.","1","5","8","3","1",1
"22423","6322493-0014","6322493","14. a method of sensitizing the clitoris of a human female, comprising the steps of:","14","0","17","1","1",1
"22424","6322493-0014","6322493","applying a compound of sensitizing agent to said clitoris; and","14","17","18","2","1",1
"22425","6322493-0014","6322493","selecting a component of said sensitizing agent from the group consisting of: peppermint oil, cornmint oil, eucalyptus oil, citronella oil, indian turpentine oil, camphor oil, menthol and l-arginine, salicylate, capsiatin, and oil soluble vitamins (co-enzymes) of a, d, or e.","14","17","19","2","1",1
"22763","6356460-0001","6356460","1. An electronic device comprising:","1","0","1","1","2",2
"22764","6356460-0001","6356460","a housing having a wall, ","1","1","2","2","2",2
"22765","6356460-0001","6356460","an extending member having upper and lower surfaces extending generally parallel with respect to the wall, the lower surface being spaced from the wall so as to define a gutter space between the extending member and the wall, the gutter space being sized to receive wire therein, and ","1","1","3","2","2",2
"22766","6356460-0001","6356460","a neutral assembly mounted on the extending member so as to extend from the upper surface thereof.","1","1","4","2","2",2
"23827","6460102-0012","6460102","12. A semiconductor system having a master means and a slave means, comprising:","12","0","21","1","2",2
"23828","6460102-0012","6460102","data bus lines and control signal lines coupled between the master means and the slave means;","12","21","22","2","2",2
"23829","6460102-0012","6460102","wherein the master means inputs first and second calibration signals to the slave means in response to control signals transferred through the control signal lines; the voltage level of data outputted from the slave means is corrected in response to the first and the second calibration signals; and the first and the second calibration signals are inputted to the slave means through the data bus lines.","12","21","23","2","2",2
"23897","6465992-0001","6465992","1. Preconditioner, comprising","1","0","1","1","2",2
"23898","6465992-0001","6465992","a rectifier, arranged to receive an AC voltage from a voltage supply and to rectify said AC voltage, ","1","1","2","2","2",2
"23899","6465992-0001","6465992","a switch mode power supply, arranged to control the current in the rectifier, and ","1","1","3","2","2",2
"23900","6465992-0001","6465992","a feedback path for feedback of a preconditioner output voltage to a control block, said control block having a bandwidth equal to or greater than the voltage supply frequency, characterized in that said feedback path comprises ","1","1","4","2","2",2
"23901","6465992-0001","6465992","a bandpass filter connected to said output voltage, and ","1","4","5","3","2",2
"23902","6465992-0001","6465992","means for generating a feedback signal based on the output voltage and an output signal from said bandpass filter, which feedback signal has reduced ripple around the passband of the filter. ","1","4","6","3","2",2
"23914","6466902-0007","6466902","7. A computer-implemented method of sorting textual data in a text document, comprising:","7","0","12","1","1",1
"23915","6466902-0007","6466902","marking a set of items within the document to be sorted, creating a mark corresponding to each marked item; ","7","12","13","2","1",1
"23916","6466902-0007","6466902","initializing a set of groups of marks;","7","12","14","2","1",1
"23917","6466902-0007","6466902","counting the marks corresponding to each character in the text document;","7","12","15","2","1",1
"23918","6466902-0007","6466902","creating groups within the set of groups-of marks corresponding to each character in the text document;","7","12","16","2","1",1
"23919","6466902-0007","6466902","moving marks into groups corresponding to each character in the text document, each mark moved into a group corresponding to the character pointed to by the mark; ","7","12","17","2","1",1
"23920","6466902-0007","6466902","eliminating groups with fewer than two marks from further sorting;","7","12","18","2","1",1
"23921","6466902-0007","6466902","copying the new order of marks corresponding to the marks as moved into groups;","7","12","19","2","1",1
"23922","6466902-0007","6466902","determining if any groups contain more than one mark; and","7","12","20","2","1",1
"23923","6466902-0007","6466902","if after said determining, a group contains more than-one mark, repeating said counting, creating, moving, eliminating, copying, and determining for all groups that contain more than one mark for the next character in the sequence corresponding to each mark. ","7","12","21","2","1",1
"23965","6471408-0001","6471408","1. A solid lubricating rolling bearing comprising an inner ring, an outer ring, rolling elements, spacers of material containing a solid lubricant, and a cage with pockets, each of said pockets accommodating at least one of said spacers and at least one of the rolling elements which contacts the at least one spacer as a unit,","1","0","1","1","2",0
"23966","6471408-0001","6471408","wherein each of the spacers has a cylindrical shape, and the number of the spacers disposed in a circumferential direction is equal to or less than the number of the rolling elements. ","1","1","2","2","2",0
"24361","6513946-0001","6513946","1. A compact ratcheting driver comprising:","1","0","1","1","2",2
"24362","6513946-0001","6513946","an extensible drive portion including ratcheting means having a drive head with a driver element depending therefrom in a first direction for engaging an element to be driven;","1","1","2","2","2",2
"24363","6513946-0001","6513946","a handle having a hollow central portion for receiving the extensible drive portion; and","1","1","3","2","2",2
"24364","6513946-0001","6513946","means for providing for selective manual linear movement of the drive head in a direction normal to the first direction between an extended position in which the driver element is remote from the handle and a retracted position in which the driver element is adjacent the handle, including a pair of parallel guide rails formed on the extensible drive portion so as to be coplanar with and extend into the hollow central portion of the handle to engage a pair of complementary guide shoulders formed within the handle, and including detent means connected between the handle and at least one of the rails for retaining the drive portion in a selected one of its extended and retracted positions until manually overridden, and in which the detent means includes a spring loaded ball utilized for each of the extended and retracted dispositions. ","1","1","4","2","2",2
"24949","6569706-0001","6569706","1. A method for fabricating an organic light emitting diode display, the steps of said method comprising:","1","0","1","1","1",1
"24950","6569706-0001","6569706","depositing a first electrode layer onto a substrate;","1","1","2","2","1",1
"24951","6569706-0001","6569706","depositing a second electrode layer for the first electrode layer; and","1","1","3","2","1",1
"24952","6569706-0001","6569706","depositing at least one first organic layer and at least one second organic layer between said first and said second electrode layers, ","1","1","4","2","1",1
"24953","6569706-0001","6569706","wherein said at least one first organic layer is a conductive organic polymer that is selectively deposited and said at least one second organic layer is a semiconductive organic polymer layer that is not selectively deposited, and wherein at least one of said first electrode layer and said second electrode layer is patterned. ","1","1","5","2","1",1
"25109","6580631-0010","6580631","10. A method for controlling the powering up of a first voltage supply in response to first and second external signals, comprising the steps of:","10","0","19","1","1",1
"25110","6580631-0010","6580631","generating a first output signal indicative of whether the first external signal satisfies a first predetermined condition;","10","19","20","2","1",1
"25111","6580631-0010","6580631","generating an enable signal in response to said first output signal and the second external signal; and","10","19","21","2","1",1
"25112","6580631-0010","6580631","inputting said enable signal to the first voltage supply to enable the first voltage supply to become operative.","10","19","22","2","1",1
"25141","6584011-0001","6584011","1. A semiconductor integrated circuit device comprising:","1","0","1","1","2",2
"25142","6584011-0001","6584011","a plurality of magnetic tunneling junction elements;","1","1","2","2","2",2
"25143","6584011-0001","6584011","a writing word line which applies an auxiliary magnetic field for writing data to the plurality of magnetic tunneling junction elements;","1","1","3","2","2",2
"25144","6584011-0001","6584011","a plurality of bit lines connected to ones of ends of the respective plurality of magnetic tunneling junction elements;","1","1","4","2","2",2
"25145","6584011-0001","6584011","a cell selecting transistor commonly connected to other ends of the respective plurality of magnetic tunneling junction elements; and","1","1","5","2","2",2
"25146","6584011-0001","6584011","a selecting word line which drives the cell selecting transistor.","1","1","6","2","2",2
"25341","6604393-0017","6604393","17. A method of actuating a key operated lock system, said method comprising the steps of:","17","0","43","1","1",1
"25342","6604393-0017","6604393","directing a first key having a first configuration into a keyway in a lock cylinder that is pivotable around a first axis so that the cylinder is placed in a first state;","17","43","44","2","1",1
"25343","6604393-0017","6604393","pivoting the lock cylinder in a first direction around the first axis with the first key directed into the keyway from a key removal position through a first range to thereby pivot an actuator assembly around the first axis between an unlocked position and a fully locked position as an incident of which a lock element is changed from an unsecured state into a secured state;","17","43","45","2","1",1
"25344","6604393-0017","6604393","pivoting the lock cylinder oppositely to the first direction around the first axis with the first key directed into the keyway through the first range to thereby place the lock cylinder in the key removal position and pivot the actuator assembly through a second range from the fully locked position into the unlocked position;","17","43","46","2","1",1
"25345","6604393-0017","6604393","removing the first key with the lock cylinder in the key removal position;","17","43","47","2","1",1
"25346","6604393-0017","6604393","directing a second key having a second configuration into the keyway so that the cylinder is placed in a second state that is different than the first state;","17","43","48","2","1",1
"25347","6604393-0017","6604393","pivoting the lock cylinder in the first direction around the first axis with the second key directed into the keyway from the key removal position through the first range to thereby pivot the actuator assembly around the first axis between the unlocked position and the fully locked position;","17","43","49","2","1",1
"25348","6604393-0017","6604393","pivoting the lock cylinder oppositely to the first direction around the first axis with the second key directed into the keyway through the first range to thereby place the lock cylinder in the key removal position and pivot the actuator assembly from the fully locked position through less than the second range towards but not into the unlocked position; and","17","43","50","2","1",1
"25349","6604393-0017","6604393","removing the second key from the keyway with the lock cylinder in the key removal position.","17","43","51","2","1",1
"25626","6634659-0001","6634659","1. A multi-purpose transporter comprising:","1","0","1","1","2",2
"25627","6634659-0001","6634659","a) a hollow container having an upper surface, a lower surface, a front surface, a rear surface, and right and left sides, the front surface meeting the upper surface and the lower surface at an angle such that the when the hollow container is tipped with the rear surface uppermost, at least one opening at a point in the upper surface adjacent the front surface is lowermost in the container, so that the container may drain completely through the opening; ","1","1","2","2","2",2
"25628","6634659-0001","6634659","b) a pair of frame rails connected to the right and left sides of the hollow container, each having a first end extending rearwardly of the rear surface of the container and a second end connected to an axle adjacent to the front surface of the container; ","1","1","3","2","2",2
"25629","6634659-0001","6634659","c) a frame extending between the pair of frame rails, underneath and supporting the hollow container; ","1","1","4","2","2",2
"25630","6634659-0001","6634659","d) at least one leg attached to the frame;","1","1","5","2","2",2
"25631","6634659-0001","6634659","e) a pair of wheels on the axle, inward of the second ends of the pair of frame rails, the wheels being large enough to support the transporter over rough ground; and ","1","1","6","2","2",2
"25632","6634659-0001","6634659","f) a front support structure connected to the front surface of the hollow container, such that when the transporter is tipped forward with the rear surface of the hollow container uppermost, the transporter is stably supported on the ground by the wheels and the front support structure, with the at least one opening on the upper surface of the container supported a distance above the ground permitting a container placed on the ground under the at least one opening to be filled by material flowing from the at least one opening. ","1","1","7","2","2",2
"25734","6644404-0030","6644404","30. A method of progressively gravel packing a subterranean wellbore, the method comprising the steps of:","30","0","37","1","1",1
"25735","6644404-0030","6644404","positioning a tubular string in the wellbore, the tubular string including multiple alternating well screens and valves; ","30","37","38","2","1",1
"25736","6644404-0030","6644404","isolating a continuous portion of the wellbore having the well screens and valves disposed therein; and","30","37","39","2","1",1
"25737","6644404-0030","6644404","opening successive ones of the valves, thereby progressively depositing gravel from the tubular string, through the opened valves, and into corresponding ones of multiple successive predetermined sections of the wellbore. ","30","37","40","2","1",1
"25985","6670208-0023","6670208","23. A method for fabricating a mirror element comprising the steps of:","23","0","46","1","1",1
"25986","6670208-0023","6670208","(a) forming a protection film to cover an inner surface of a die formed in a semiconductor substrate;","23","46","47","2","1",1
"25987","6670208-0023","6670208","(b) forming a mirror element film to at least cover said protection film in said inner surface of said die; and","23","46","48","2","1",1
"25988","6670208-0023","6670208","(c) peeling from said semiconductor substrate said mirror element film together with said protection film.","23","46","49","2","1",1
"26132","6689854-0001","6689854","1. An aqueous fluorochemical polymeric composition comprising polymers having interpolymerized units derived from one or more of each of the following monomers:","1","0","1","1","2",2
"26133","6689854-0001","6689854","(a) monomer selected from the group consisting of acrylate, methacrylate, acrylamide, methacrylamide, thioacrylate and meththioacrylate compounds containing a fluoroaliphatic moiety that is linked to the residue of the compound through a divalent, organic linking group; ","1","1","2","2","2",2
"26134","6689854-0001","6689854","(b) monomer selected from the group consisting of acrylic acid, methacrylic acid, carboxyalkylacrylate and carboxyalkylmethacrylate compounds, ","1","1","3","2","2",2
"26135","6689854-0001","6689854","(c) monomer selected from the group consisting of acrylate, methacrylate, acrylamide, methacrylamide, thioacrylate and meththioacrylate compounds containing an alkoxysilane moiety linked to the residue of the compound through a divalent organic group; and ","1","1","4","2","2",2
"26136","6689854-0001","6689854","(d) optionally other monomers containing a non-hydrophilic group.","1","1","5","2","2",2
"26567","6724321-0007","6724321","7. An emergency communication system comprising;","7","0","17","1","2",2
"26568","6724321-0007","6724321","an emergency report system for a vehicle, the emergency report system detecting the portion of said vehicle, predicting that said vehicle encounters an emergency situation, based on a driving state of said vehicle, and reporting an emergency information including the result of the prediction of the emergency situation, together with said position of said vehicle; ","7","17","18","2","2",2
"26569","6724321-0007","6724321","a service station for receiving the emergency information from said emergency report system;","7","17","19","2","2",2
"26570","6724321-0007","6724321","a first aid center for receiving information from said service station;","7","17","20","2","2",2
"26571","6724321-0007","6724321","a notifiee data base for storing information on a notifiee person associated with an occupant of said vehicle; and","7","17","21","2","2",2
"26572","6724321-0007","6724321","communication means, wherein an emergency report is received from said emergency report system through said communication means, the information is transmitted to said first aid center, the information on the prospective destination of the occupant of the emergency-reporting vehicle is received from the first aid center, said notifiee data base is searched for the notifiee person associated with the occupant of the vehicle, and the information on the destination of the occupant is transmitted to the notifiee persons concerned. ","7","17","22","2","2",2
"26702","6736550-0002","6736550","2. A method for passively aligning a lens with an optical fiber to form a passively aligned lens-fiber assembly, the method comprising the steps of: disposing a fiber in a ferrule so that its light-receiving end is axially centered in the ferrule and placed at the bottom end of the ferrule; inserting the first end of the ferrule into a first end of a ferrule split sleeve; disposing a lens in the lens-receiving section of a lens-fiber alignment housing, and inserting the mating section of the lens-fiber alignment housing into the second end of the ferrule split sleeve, thereby passively aligning the lens with the fiber; and actively aligning the passively-aligned lens-fiber assembly with a laser.","2","0","5","1","1",1
"27008","6760566-0001","6760566","1. A method for controlling an uplink power threshold level in a satellite communication system, the method comprising:","1","0","1","1","1",1
"27009","6760566-0001","6760566","obtaining uplink power level information from data stored at a plurality of user earth terminals (UETs);","1","1","2","2","1",1
"27010","6760566-0001","6760566","determining statistical characteristics of the uplink power level information;","1","1","3","2","1",1
"27011","6760566-0001","6760566","determining an uplink power threshold adjustment from information comprising the statistical characteristics; and","1","1","4","2","1",1
"27012","6760566-0001","6760566","controlling the uplink power threshold level by adjusting the uplink power threshold level according to the uplink power threshold adjustment.","1","1","5","2","1",1
"27087","6773628-0001","6773628","1. A liquid color phosphorescent material including a mixture which comprises:","1","0","1","1","2",2
"27088","6773628-0001","6773628","a stock solution consisting of thermoplastic resin and an organic solvent;","1","1","2","2","2",2
"27089","6773628-0001","6773628","a colorant containing a coloring pigment;","1","1","3","2","2",2
"27090","6773628-0001","6773628","a color-emitting phosphorescent fine pigment particle having an average particle diameter of 7 &mgr;","1","1","4","2","2",2
"27091","6773628-0001","6773628","an additive for stably dispersing pigments containing a cellulose-based synthetic resin, silica-based powder, cyclohexanone, isophorone and mineral spirit; ","1","1","5","2","2",2
"27092","6773628-0001","6773628","wherein pigment particles of said colorant and said color-emitting phosphorescent fine pigment particle are enabled to be always maintained in a substantially uniform dispersion stage in all of the three-dimensional direction irrespective of when the phosphorescent material is in a liquefied state, in a transition period from a liquid state to a solid state, or in a solid state. ","1","1","6","2","2",2
"27242","6788609-0001","6788609","1. A storage device employing a flash memory which is divided into a plurality of physical sectors identified by physical addresses, wherein said flash memory carries out a write operation of a write data into a selected one of said plurality of physical sectors in response to a logical address accompanied with said write data from a host system, said storage device including:","1","0","1","1","2",2
"27243","6788609-0001","6788609","a memory controller which generates a physical address in response to said host logical address for said data write operation of said write data from said host system, ","1","1","2","2","2",2
"27244","6788609-0001","6788609","wherein said memory controller carries out a physical address calculation, using a preceding value related to a preceding physical address for a preceding data write operation and using a modifying value for a current data write operation, and said memory controller generates a current physical address for said current data write operation based upon said physical address calculation, and ","1","1","3","2","2",2
"27245","6788609-0001","6788609","wherein said memory controller carries out said preceding data write operation in which a preceding write data from said host system is written into said selected one of said plurality of physical sectors identified by said preceding physical address generated from a preceding host logical address, and said memory controller carries out said current data write operation in which a current write data from said host system is written into another selected sector of said plurality of physical sectors identified by said current physical address generated from a current host logical address that is identical to said preceding host logical address. ","1","1","4","2","2",2
"27660","6825710-0001","6825710","1. An integrated circuit arrangement comprising a reference-current source device for providing a reference current (lin) and comprising a current mirror device for mirroring the reference current (lin) to an output current (lout), wherein the current mirror device comprises a first FET (Q1), operated in saturation, whose channel carries the reference current; as well as a second FET (Q2), operated in saturation, whose channel carries the output current, wherein the gate connections of the two FETs (Q1, Q2) are interconnected in order to ensure identical control voltages (Vgs) at these two FETs (Q1, Q2), wherein at a channel connection of the first FET (Q1), a node for composing the reference current (lin) carried by the channel of this FET from several reference-current components (lin1 lin2) is provided, wherein the reference-current components are provided at the node by the reference-current source device, and one (lin2) of the reference-current components (lin1, lin2) is carried by way of a resistance element (Qr) which is connected between the node and the gate connection of the first FET (Q1), and wherein the current value of a first reference component of said several reference-current components is at least equal to the current value but not more than twice the current value of a second reference component of said several reference-current components.","1","0","1","1","2",2
"28356","6892918-0001","6892918","1. a railroad rail breaking apparatus for being mounted on the arm of a vehicle and for breaking rails of the type having an integrally-formed wearing flange, rail web and base flange, and comprising:","1","0","1","1","2",2
"28357","6892918-0001","6892918","(a) a first member having a first jaw on a first end thereof, and a mounting attachment on a second end remote from the first jaw for permitting the rail breaking apparatus to be mounted onto the vehicle arm, the first jaw including a first hardened rail breaking insert mounted thereon for engaging a first side of the wearing flange;","1","1","2","2","2",2
"28358","6892918-0001","6892918","(b) a second member pivotably mounted for movement about a pivot axis, the second member including a second jaw having a second hardened rail breaking insert thereon for engaging a second side of the wearing flange opposite the first side of the wearing flange, the first and second inserts being shaped and adapted to receive only a single rail in an orientation for engagement of only the wearing flange of the single rail without engagement with the rail web and base flange;","1","1","3","2","2",2
"28359","6892918-0001","6892918","(c) the second jaw being movable about the first pivot axis relative to the first jaw between a relatively open, wearing flange receiving position and a rail breaking position in which the first rail breaking insert of the first jaw and the second rail breaking insert of the second jaw hold the wearing flange in a wear breaking position by cooperation of the first and second members;","1","1","4","2","2",2
"28360","6892918-0001","6892918","(d) power means mounted for cooperation with the first and second members for moving the first and second jaws relative to each other; and","1","1","5","2","2",2
"28361","6892918-0001","6892918","(e) wherein as the first and second jaws move from the wearing flange receiving position to the wearing flange breaking position, the wearing flange,rail web and base flange of the rail is broken by a breaking force supplied by the power means only to the wearing flange.","1","1","6","2","2",2
"28597","6915273-0001","6915273","1. a method for providing customized digital printing services over a network using images from a digital camera, comprising the steps of:","1","0","1","1","1",1
"28598","6915273-0001","6915273","a) a service provider providing an electronic database of information describing a plurality of printing options that can be selected by a user operating a first computer at a location remote from the service provider which has logged onto a digital communications network;","1","1","2","2","1",1
"28599","6915273-0001","6915273","b) displaying on a display of the first computer at the remote location the plurality of printing options and the user selecting a printing option;","1","1","3","2","1",1
"28600","6915273-0001","6915273","c) establishing a service account including a service account identifier and data identifying the selected printing option and the service provider storing the service account identifier and data identifying the selected printing option and the user logging off the digital communication network;","1","1","4","2","1",1
"28601","6915273-0001","6915273","d) capturing, using a digital camera, one or more digital images and using a modem in the digital camera to send the one or more captured digital images and the service account identifier to the service provider over the digital communication network without using the first computer;","1","1","5","2","1",1
"28602","6915273-0001","6915273","e) the service provider using the service account identifier to identify the printing option selected in step c); and","1","1","6","2","1",1
"28603","6915273-0001","6915273","f) the service provider using the at least one or more digital images using the selected printing option from the accessed service account to produce prints.","1","1","7","2","1",1
"28688","6925777-0001","6925777","1. a method of heat-shrinking sleeves made from a film of heat-shrink plastics material, the method comprising:","1","0","1","1","1",1
"28689","6925777-0001","6925777","placing an article on a support configured for movement at one or more travel speeds, a heat-shrinking sleeve being engaged on the article;","1","1","2","2","1",1
"28690","6925777-0001","6925777","moving the support at a first travel speed to transfer the article together with the sleeve into a pre-heater chamber having a first temperature range;","1","1","3","2","1",1
"28691","6925777-0001","6925777","maintaining the article in the pre-heater chamber for a predetermined time;","1","1","4","2","1",1
"28692","6925777-0001","6925777","moving the support vertically at a second travel speed to pass the article together with the sleeve from the pre-heater chamber to a shrinkage chamber having a second temperature range, the shrinkage chamber being adjacent to the pre-heater chamber, thereby causing the sleeve to shrink onto the article; and","1","1","5","2","1",1
"28693","6925777-0001","6925777","removing the article coated in its shrunk-on sleeve from the support.","1","1","6","2","1",1
"28812","6938202-0002","6938202","2. computer-executable process steps stored on a computer-readable medium, the steps to control a printer for providing print-by-reference functionality to a web browser, the steps comprising:","2","0","10","1","1",1
"28813","6938202-0002","6938202","providing a web page from a printer's embedded web server to the web browser;","2","10","11","2","1",1
"28814","6938202-0002","6938202","receiving a url entered into the provided web page by the web browser;","2","10","12","2","1",1
"28815","6938202-0002","6938202","creating a remote browsing web page based on contents of a website corresponding to the entered url, the remote browsing web page including hypertext links;","2","10","13","2","1",1
"28816","6938202-0002","6938202","selecting a hypertext link from the remote browsing web page;","2","10","14","2","1",1
"28817","6938202-0002","6938202","issuing a directory access command corresponding to the selected hypertext link, wherein, if the command fails, the printer retrieves a document corresponding to the selected hypertext link from the website on the internet, and wherein, if the command succeeds, a new web page is created having hypertext links;","2","10","15","2","1",1
"28818","6938202-0002","6938202","if the issuance of the directory access command was successful, selecting a hypertext link from the new web page;","2","10","16","2","1",1
"28819","6938202-0002","6938202","the printer retrieving a document to be printed corresponding to the hypertext link selected from the new web page from a web site on the internet; and","2","10","17","2","1",1
"28820","6938202-0002","6938202","the printer automatically printing the retrieved document.","2","10","18","2","1",1
"28824","6939113-0001","6939113","1. a fan with increased air flow comprising:","1","0","1","1","2",2
"28825","6939113-0001","6939113","a casing having a straight cylindrical wall, said straight cylindrical wall defining an air flow passage within the casing; and","1","1","2","2","2",2
"28826","6939113-0001","6939113","a motor having a rotating shaft with at least one blade mounted thereon and a motor base, said motor base further comprising a central portion with an annular wall and a plurality of ribs extending from said annular wall to said casing within said air flow passage and securing said motor to said casing;","1","1","3","2","2",2
"28827","6939113-0001","6939113","wherein an outer surface of said annular wall is outwardly inclined with respect to an axis of the shaft such that an outer diameter of said motor base is gradually reduced in the direction of airflow, and wherein said ribs extending from said annular wall are downwardly inclined with respect to a bottom surface of said motor base in the direction of airflow.","1","1","4","2","2",2
"29474","6999844-0011","6999844","11. a method for controlling relative motions of a tool and a workpiece in a machining apparatus, comprising:","11","0","15","1","1",1
"29475","6999844-0011","6999844","designating values of a rotational position and a rotational velocity of the workpiece;","11","15","16","2","1",1
"29476","6999844-0011","6999844","designating values of a position of the tool corresponding to the values of the rotational position of the workpiece;","11","15","17","2","1",1
"29477","6999844-0011","6999844","computing the velocity of the motion of the tool relative to the workpiece based on the data of the rotational position, the rotational velocity of the workpiece and the position of the tool; and","11","15","18","2","1",1
"29478","6999844-0011","6999844","controlling the position of the tool relative to the workpiece based on the obtained velocity motion of the tool.","11","15","19","2","1",1
"29616","7021001-0001","7021001","1. an anti-pinch power window system comprising:","1","0","1","1","2",2
"29617","7021001-0001","7021001","a threaded rod;","1","1","2","2","2",2
"29618","7021001-0001","7021001","a hub adapted to hold the threaded rod, said hub being further adapted to allow the threaded rod to slide along its longitudinal axis within said hub, said threaded rod being attached to the hub;","1","1","3","2","2",2
"29619","7021001-0001","7021001","a base having a top side and a bottom side attached to the threaded rod;","1","1","4","2","2",2
"29620","7021001-0001","7021001","a spring positioned between the bottom side of the base and the hub such that the spring is compressible by movement of the base toward the hub;","1","1","5","2","2",2
"29621","7021001-0001","7021001","a bracket attachable to a frame for retaining a drive nut;","1","1","6","2","2",2
"29622","7021001-0001","7021001","a threaded drive nut screwed onto the threaded rod, said drive nut being positioned within the bracket such that rotation of the drive nut is limited, for moving a window in response to rotation of the threaded rod; and","1","1","7","2","2",2
"29623","7021001-0001","7021001","a switch positioned between the bottom side of the base and the hub such that movement of the base toward the hub will change the state of the switch.","1","1","8","2","2",2
"30175","7062969-0009","7062969","9. a measurement apparatus, comprising: a measurement body portion arranged at a portion where a rear wheel of a bicycle and a gear crank are positioned; and","9","0","20","1","2",2
"30176","7062969-0009","7062969","a display portion arranged at a position in a field of vision of a rider of the bicycle for displaying prescribed information based on a signal transmitted from said measurement body portion,","9","20","21","2","2",2
"30177","7062969-0009","7062969","said measurement body portion including","9","20","22","2","2",2
"30178","7062969-0009","7062969","a first sensor portion for sensing movement of a prescribed part of the gear crank to detect a cadence at which a pedal is worked,","9","20","23","2","2",2
"30179","7062969-0009","7062969","a second sensor portion for sensing movement of a prescribed part of the rear wheel to detect a running speed of the bicycle, and","9","20","24","2","2",2
"30180","7062969-0009","7062969","a transmit portion electrically connected to said first sensor portion and said second sensor portion for wirelessly transmitting signals indicative of the movement sensed by said first sensor portion and said second sensor portion to said display portion,","9","20","25","2","2",2
"30181","7062969-0009","7062969","said measurement body portion being secured to a chain stay connecting an axis of rotation of the rear wheel and a shaft of the gear crank,","9","20","26","2","2",2
"30182","7062969-0009","7062969","said measurement body portion including an abut portion provided to said transmit portion so as to conform to a shape of an outer circumference of the chain stay, a through hole provided above said abut portion in said transmit portion, and","9","20","27","2","2",2
"30183","7062969-0009","7062969","a belt portion for being inserted into said through hole to be coiled around the chain stay while said abut portion abuts on an outer circumferential portion of the chain stay, so as to secure said measurement body portion.","9","20","28","2","2",2
"30699","7116185-0008","7116185","8. a balun comprising:","8","0","24","1","2",2
"30700","7116185-0008","7116185","an unbalanced terminal for receiving and outputting unbalanced signals;","8","24","25","2","2",2
"30701","7116185-0008","7116185","a first balanced terminal and a second balanced terminal for receiving and outputting balanced signals;","8","24","26","2","2",2
"30702","7116185-0008","7116185","a low-pass filter provided between the unbalanced terminal and the first balanced terminal;","8","24","27","2","2",2
"30703","7116185-0008","7116185","a high-pass filter provided between the unbalanced terminal and the second balanced terminal; and","8","24","28","2","2",2
"30704","7116185-0008","7116185","a layered structure including dielectric layers and conductor layers alternately stacked, wherein:","8","24","29","2","2",2
"30705","7116185-0008","7116185","the low-pass filter and the high-pass filter include a total of at least three coils made up of the conductor layers;","8","24","30","2","2",2
"30706","7116185-0008","7116185","the at least three coils are provided in locations that do not overlap one another when seen in a direction orthogonal to the layers of the layered structure;","8","24","31","2","2",2
"30707","7116185-0008","7116185","each of the at least three coils includes a plurality of coil-forming conductor layers that are disposed on different ones of the dielectric layers of the layered structure and connected via at least one through hole;","8","24","32","2","2",2
"30708","7116185-0008","7116185","the balun further comprises a separating section made up of the conductor layers and electromagnetically separating the at least three coils from one another; and","8","24","33","2","2",2
"30709","7116185-0008","7116185","the separating section includes: a plurality of coil-separating conductor layers that are respectively disposed on the ones of the dielectric layers on which the respective coil-forming conductor layers are disposed; and a plurality of through holes for connecting the plurality of coil-separating conductor layers.","8","24","34","2","2",2
"31137","7156556-0007","7156556","7. a package body which is constituted by a sheet of a packaging material having a pleat which extends in an orthogonal direction to the longitudinal direction of a packaging pouch and which is formed by folding a portion of the packaging material in a three-ply strip form and adhering inner faces of this folded portion, and is formed by bending this packaging material into a loop such that the horizontal cross section forms a flattened circle, closing two edges in the width direction by applying a heat seal thereto to form a tubular pouch, filling the tubular pouch with a product to be packaged, and applying a bottom heat seal on the lower end and a top heat seal on the upper end such that said pleat is provided on at least the peripheral edge of the bottom face portion to thereby form a face which extends from the peripheral face portion such that the bottom face portion and rear face portion of the pleat form a substantial right angle at the upper end of the rear face portion of the pleat, whereby the pleat conceals the bottom face portion, and the pouch has top gussets and bottom gussets.","7","0","7","1","2",2
"31247","7165802-0011","7165802","11. a compound hinge for a foldable windshield assembly, the windshield assembly including a windshield support having opposing pairs of upper and lower pillar supports, an upper windshield member connected to said upper pillar supports, and a lower windshield member connected to said lower pillar supports, the compound hinge comprising:","11","0","26","1","2",2
"31248","7165802-0011","7165802","a first connector adapted to be rigidly connected to one of said upper or lower pillar supports;","11","26","27","2","2",2
"31249","7165802-0011","7165802","a second connector adapted to be slidably connected within the other of said one of said upper or lower pillar supports; and","11","26","28","2","2",2
"31250","7165802-0011","7165802","a knuckle having ends pivotally connected to said first connector and second connector and adapted to be received within said one of said upper or lower pillar supports associated with said second connector;","11","26","29","2","2",2
"31251","7165802-0011","7165802","whereby said upper windshield member is moveable between use and folded positions by separating said upper pillar from said lower pillar to reveal said knuckle from said one of said upper or lower supports and folding said upper windshield member over said lower windshield member.","11","26","30","2","2",2
"31313","7170647-0001","7170647","1. a document processing apparatus comprising:","1","0","1","1","2",2
"31314","7170647-0001","7170647","determining means for determining a plurality of threshold values on the basis of a luminance distribution of a color image;","1","1","2","2","2",2
"31315","7170647-0001","7170647","binarization means for obtaining a plurality of binary image data by binarizing the color image based on each of the plurality of threshold values determined by said determining means;","1","1","3","2","2",2
"31316","7170647-0001","7170647","extracting means for extracting region information based on components included in the plurality of binary image data, the region information indicating a position and a size of regions having different background colors;","1","1","4","2","2",2
"31317","7170647-0001","7170647","generation means for generating second binary image data based on the plurality of binary image data and the region information by executing binarization processes in each of the regions associated with the region information extracted by said extracting means, wherein said generation means comprises means for determining each binarization threshold value for each partial region of the color image corresponding to each of the regions associated with the region information extracted by said extracting means; and wherein the second binary image data is generated by binarizing each of the partial regions using the set determined threshold value; and","1","1","5","2","2",2
"31318","7170647-0001","7170647","segmentation processing means for performing region segmentation based on the second binary image data generated by said generation means and the region information extracted by said extracting means.","1","1","6","2","2",2
"31445","7187910-0005","7187910","5. a dual-band transmitter for a dual-band mobile communication terminal, comprising:","5","0","13","1","2",2
"31446","7187910-0005","7187910","a first power amplifier for amplifying power of a first band signal by an amplification factor determined depending on a bias voltage applied thereto, said first band signal being a high-band signal;","5","13","14","2","2",2
"31447","7187910-0005","7187910","a second power amplifier for amplifying power of a second band signal by an amplification factor determined depending on a bias voltage applied thereto, said second band signal being a low-band signal;","5","13","15","2","2",2
"31448","7187910-0005","7187910","a directional coupler for coupling a part of said first band signal power-amplified by said first power amplifier and a part of said second band signal power-amplified by said second power amplifier, respectively, said direction coupler including:","5","13","16","2","2",2
"31449","7187910-0005","7187910","a first transmission device for transmitting said first band signal power-amplified by said first power amplifier;","5","16","17","3","2",2
"31450","7187910-0005","7187910","a first directional coupling device including a first terminal and a second terminal and spaced apart from said first transmission device by a predetermined distance, said first directional coupling device coupling a part of said first band signal from said first transmission device and generating the coupled signal at said first terminal thereof, said second terminal of said first directional coupling device being connected to a ground terminal;","5","16","18","3","2",2
"31451","7187910-0005","7187910","a first inter-digital capacitor having its one side connected to said first transmission device and its other side connected to said first directional coupling device;","5","16","19","3","2",2
"31452","7187910-0005","7187910","a second transmission device for transmitting said second band signal power-amplified by said second power amplifier;","5","16","20","3","2",2
"31453","7187910-0005","7187910","a second directional coupling device including a first terminal and a second terminal and spaced apart from said second transmission device by a predetermined distance, said second directional coupling device coupling a part of said second band signal from said second transmission device and generating the coupled signal at said first terminal thereof, said second terminal of said second directional coupling device being connected to said ground terminal;","5","16","21","3","2",2
"31454","7187910-0005","7187910","a second inter-digital capacitor having its one side connected to said second transmission device and its other side connected to said second directional coupling device;","5","16","22","3","2",2
"31455","7187910-0005","7187910","a first filter connected to said first terminal of said first directional coupling device for high pass filtering the coupled signal from said first directional coupling device; and","5","16","23","3","2",2
"31456","7187910-0005","7187910","a second filter connected to said first terminal of said second directional coupling device for low pass filtering the coupled signal from said second directional coupling device; and","5","16","24","3","2",2
"31457","7187910-0005","7187910","a power amplifier controller for comparing the level of a signal coupled by said directional coupler with a predetermined reference value and regulating said bias voltage to said first power amplifier or second power amplifier according to a difference therebetween to control said amplification factor of said first power amplifier or second power amplifier.","5","13","25","2","2",2
"31736","7210315-0001","7210315","1. a washing machine having a water distributor, comprising:","1","0","1","1","2",2
"31737","7210315-0001","7210315","a washing tub;","1","1","2","2","2",2
"31738","7210315-0001","7210315","a water inlet;","1","1","3","2","2",2
"31739","7210315-0001","7210315","a programming device for controlling a washing program of the washing machine;","1","1","4","2","2",2
"31740","7210315-0001","7210315","a movable element serving to selectively supply a water flow from the water inlet to a plurality of detergent dispenser chambers for carrying a selected detergent solution to the washing tub; and","1","1","5","2","2",2
"31741","7210315-0001","7210315","a series combination of at least two shape memory alloy wires connected to the movable element, each of the wires being controllable to one of a substantially fully activated state and a substantially inactivated state by the programming device in order for the movable element to reach at least three discrete positions wherein each of the at least three discrete positions of the movable element corresponds to one of the plurality of detergent dispenser chambers.","1","1","6","2","2",2
"32370","7255895-0001","7255895","1. a method for generating a plurality of microparticle populations of different dye concentrations wherein dye is loaded into polymer microparticles to generate said microparticle populations, comprising:","1","0","1","1","1",1
"32371","7255895-0001","7255895","(a) providing:","1","1","2","2","1",1
"32372","7255895-0001","7255895","(i) at least one first solvent in which the dye and the microparticle polymer are soluble;","1","2","3","3","1",1
"32373","7255895-0001","7255895","(ii) at least one tuning solvent in which the dye and the microparticle polymer are not or only weakly soluble, said first and tuning solvents being immiscible or at most partially miscible;","1","2","4","3","1",1
"32374","7255895-0001","7255895","(iii) at least one third solvent in which the dye and the microparticle polymer are not or only weakly soluble, said third solvent being miscible with the first and tuning solvents;","1","2","5","3","1",1
"32375","7255895-0001","7255895","(b) forming a plurality of suspensions of said polymer microparticles, each in a designated volume of a mixture including the tuning solvent and the third solvent;","1","1","6","2","1",1
"32376","7255895-0001","7255895","(c) adding to said polymer microparticle suspension a solution including the dye dissolved in said first solvent to form a homogeneous solution in the mixture of the first, tuning and third solvents; and","1","1","7","2","1",1
"32377","7255895-0001","7255895","(d) increasing the uptake of dye into the polymer microparticles in at least one of said populations relative to another of said populations by decreasing the solvency of the mixture of the first, tuning and third solvents for the dye.","1","1","8","2","1",1
"32453","7260471-0001","7260471","1. a drive force control apparatus for a riding type vehicle comprising:","1","0","1","1","2",2
"32454","7260471-0001","7260471","a drive source; and","1","1","2","2","2",2
"32455","7260471-0001","7260471","an abnormality detecting portion for detecting an abnormality of the drive force control apparatus,","1","1","3","2","2",2
"32456","7260471-0001","7260471","wherein the abnormality detecting portion detects the abnormality of the drive force control apparatus by a predetermined abnormality detecting period,","1","1","4","2","2",2
"32457","7260471-0001","7260471","wherein when the abnormality of the drive force control apparatus is detected by the abnormality detecting portion, a primary abnormality processing of the drive force control apparatus is executed, and when the abnormality is not detected, the primary abnormality processing is released and an electronic control at normal time of the drive force control apparatus is executed, and","1","1","5","2","2",2
"32458","7260471-0001","7260471","when an abnormality detecting signal detected by the abnormality detecting portion continues even after elapse of a predetermined abnormality determining time period, the primary abnormality processing is shifted to a secondary abnormality processing.","1","1","6","2","2",2
"32564","7270352-0017","7270352","17. a foot operated door opener comprising:","17","0","20","1","2",2
"32565","7270352-0017","7270352","an elongate assembly for interconnecting a door handle and a bottom end of the door, said elongate assembly including an upper portion for mounting to the door handle on a first side of the door, a lower portion for securing the bottom of the door and an intermediate portion interconnecting said upper and lower portions and for extending along a first side of the door between the handle and the lower end of the door; and","17","20","21","2","2",2
"32566","7270352-0017","7270352","a foot pedal attached to said intermediate portion for being engaged by a person's foot and selectively pushed or pulled to open the door;","17","20","22","2","2",2
"32567","7270352-0017","7270352","said upper portion including a device for operably gripping the door handle and said intermediate portion including an actuator attached to said gripping device such that when said pedal is depressed, said gripping device operates said handle to release the door's latch and allow the door to be opened by pulling or pushing the door pedal; said intermediate portion further including an elongate housing that slidably receives said actuator and said upper portion further including a mounting piece for releasably engaging said housing to a mounting shaft of the door handle; said lower portion including a bracket depending from said housing for engaging and securing to the lower end of the door; said bracket including a hook for wrapping about a lower end of the door and directly engaging the bottom edge and both opposing sides of the door; said foot pedal being held permanently in a nonpivoting, generally horizontal condition.","17","20","23","2","2",2
"32788","7292522-0005","7292522","5. a method for reproducing information from an optical disc on which wobbled grooves are concentrically or spirally formed, and physical address information is recorded by modulating groove wobbles,","5","0","12","1","1",1
"32789","7292522-0005","7292522","wherein address information is formed by m wobbles per bit as a basic unit, and the address information is nrz-recorded, where integer m is the number of wobble waves,","5","12","13","2","1",1
"32790","7292522-0005","7292522","wherein a sync signal used in sync detection of the address information is formed by n wobbles per bit as a basic unit, and the sync signal with that configuration is recorded on the head side of the address information, where integer n is the number of wobble waves and m=2n, said method comprising:","5","12","14","2","1",1
"32791","7292522-0005","7292522","reading the groove wobbles to provide a wobble signal;","5","12","15","2","1",1
"32792","7292522-0005","7292522","generating a waveform signal from the wobble signal; and","5","12","16","2","1",1
"32793","7292522-0005","7292522","detecting the sync signal from the waveform signal.","5","12","17","2","1",1
"32879","7303967-0013","7303967","13. a method for fabricating a transistor of a semiconductor device, the method comprising the steps of:","13","0","30","1","1",1
"32880","7303967-0013","7303967","providing a semiconductor substrate including an isolation layer and a well;","13","30","31","2","1",1
"32881","7303967-0013","7303967","forming a gate electrode by interposing a gate oxide layer between the substrate and the gate electrode;","13","30","32","2","1",1
"32882","7303967-0013","7303967","performing ion implantation respect to the substrate using the gate electrode as a mask, forming a halo ion implantation layer;","13","30","33","2","1",1
"32883","7303967-0013","7303967","performing a low-density ion implantation process with respect to the substrate using the gate electrode as a mask, forming an ldd (lightly doped drain) ion implantation layer, wherein the thickness of the ldd ion implantation layer is less than the thickness of the halo ion implantation layer;","13","30","34","2","1",1
"32884","7303967-0013","7303967","forming an insulation spacer on a sidewall of the gate electrode;","13","30","35","2","1",1
"32885","7303967-0013","7303967","performing the ion implantation process with respect to the substrate using the gate electrode including the insulation spacer as a mask, forming a diffusion barrier;","13","30","36","2","1",1
"32886","7303967-0013","7303967","performing a high-density ion implantation process with respect to the substrate including the diffusion barrier using the gate electrode including the insulation spacer as a mask, forming a source/drain;","13","30","37","2","1",1
"32887","7303967-0013","7303967","performing a first thermal treatment process with respect to a resultant structure including the source/drain, so as to activate impurities in the source/drain, and simultaneously causing a diffusion velocity of the impurities in the source/drain to be reduced by the diffusion barrier; and","13","30","38","2","1",1
"32888","7303967-0013","7303967","depositing a metal layer on the substrate, which passes through the first thermal treatment process, and performing a second thermal treatment process, forming a salicide layer.","13","30","39","2","1",1
"33206","7335858-0022","7335858","22. an apparatus for toasting a food product, comprising:","22","0","29","1","2",2
"33207","7335858-0022","7335858","a toasting chamber adapted for receiving a food product to be toasted, the toasting chamber having first and second sides;","22","29","30","2","2",2
"33208","7335858-0022","7335858","a first infrared heater comprising a first electrically conductive filament inside of a first quartz glass tube, the first infrared heater being located on the first side of the toasting chamber;","22","29","31","2","2",2
"33209","7335858-0022","7335858","a second infrared heater comprising a second electrically conductive filament inside of a second quartz glass tube, the second infrared heater being located on the second side of the toasting chamber;","22","29","32","2","2",2
"33210","7335858-0022","7335858","a first radiant heat reflector located on the first side of the toasting chamber, wherein the first infrared heater is located between the toasting chamber and the first radiant heat reflector; and","22","29","33","2","2",2
"33211","7335858-0022","7335858","a second radiant heat reflector located on the second side of the toasting chamber, wherein the second infrared heater is located between the toasting chamber and the second radiant heat reflector;","22","29","34","2","2",2
"33212","7335858-0022","7335858","wherein the first and second quartz glass tubes have extruded grooves therein so as to pass a desired infrared wavelength from the electrically conductive filament and","22","29","35","2","2",2
"33213","7335858-0022","7335858","wherein the first and second infrared heaters emit infrared radiant heat at a wavelength optimized for toasting of the food product.","22","29","36","2","2",2
"33277","7341733-0004","7341733","4. a method for promoting an anti-tumor response directed against a tumor-related antigen that is present in a mammalian patient, said method comprising:","4","0","7","1","1",1
"33278","7341733-0004","7341733","administering to the patient:","4","7","8","2","1",1
"33279","7341733-0004","7341733","an amount of a composition comprising at least one active agent, wherein the active agent is selected from the group consisting of isolated pertussis toxin and analogs thereof exhibiting adp-ribosyltransferase activity, wherein said analog comprises the s1 subunit of pertussis toxin and effective to promote an immune response against a tumor in a patient having a rumor or previously afflicted with a tumor; and","4","7","9","2","1",1
"33280","7341733-0004","7341733","a suitable carrier or excipient.","4","7","10","2","1",1
"33401","7356046-0001","7356046","1. an apparatus for facilitating communications between a control station and a remote device over a packet-switching network, comprising:","1","0","1","1","2",2
"33402","7356046-0001","7356046","a) a software component having a set of instructions stored on a computer-readable medium and executable by a processor of the control station, the instructions comprising:","1","1","2","2","2",2
"33403","7356046-0001","7356046","i) instructions for communicating data from a host application computer program of the control station to the remote device, comprising:","1","2","3","3","2",2
"33404","7356046-0001","7356046","1) a first transmission portion configured to accept signals from the host application computer program in a non-packet-switched format,","1","3","4","4","2",2
"33405","7356046-0001","7356046","2) a second transmission portion configured to convert the host application computer program signals into packet-switched data for transmission to a hardware component by means of a packet-switching network, and","1","3","5","4","2",2
"33406","7356046-0001","7356046","3) a third transmission portion configured to generate commands to satisfy at least one host application computer program handshaking protocol; and","1","3","6","4","2",2
"33407","7356046-0001","7356046","ii) instructions for receiving data from a hardware component, comprising:","1","2","7","3","2",2
"33408","7356046-0001","7356046","1) a first receiving portion configured to accept packet-switched data from the packet-switching network,","1","7","8","4","2",2
"33409","7356046-0001","7356046","2) a second receiving portion configured to convert the packet-switched data into non-packet-switched signals having a format compatible with the host application computer program, and","1","7","9","4","2",2
"33410","7356046-0001","7356046","3) a third receiving portion configured to generate commands to satisfy at least one host application computer program handshaking protocol; and","1","7","10","4","2",2
"33411","7356046-0001","7356046","b) a hardware component proximate the remote device, comprising:","1","1","11","2","2",2
"33412","7356046-0001","7356046","i) a transceiver portion electrically coupled to the packet-switching network and configured to:","1","11","12","3","2",2
"33413","7356046-0001","7356046","1) accept packet-switched signal data from the software component, and","1","12","13","4","2",2
"33414","7356046-0001","7356046","2) send packet-switched data to the software component;","1","12","14","4","2",2
"33415","7356046-0001","7356046","ii) a remote processor coupled between the transceiver portion and the remote device, the remote processor being configured to:","1","11","15","3","2",2
"33416","7356046-0001","7356046","1) convert packet-switched data received from the transceiver to non-packet-switched signals having a format compatible with the remote device, and","1","15","16","4","2",2
"33417","7356046-0001","7356046","2) convert non-packet-switched signals from the remote device to packet-switched data; and","1","15","17","4","2",2
"33418","7356046-0001","7356046","iii) a bidirectional data interface electrically coupled to the remote device and the remote processor to communicate signals from the remote device to the remote processor and to communicate signals from the remote processor to the remote device,","1","11","18","3","2",2
"33419","7356046-0001","7356046","wherein the control station and the remote device are in communication with each other via the packet-switching network, the control station and remote device using non-packet-switched signals to effect the communication.","1","11","19","3","2",2
"33449","7359572-0015","7359572","15. a method performed by a computer of processing a digital image, the method comprising: [[42]] ","15","0","35","1","1",1
"33450","7359572-0015","7359572","analyzing exposure data for the digital image, wherein the exposure data comprises luminance values for pixels in the digital image, and wherein the luminance values are represented in a luminance value histogram;","15","35","36","2","1",1
"33451","7359572-0015","7359572","extracting parameters from the luminance value histogram, the parameters comprising maxlevel, wherein maxlevel is maximum luminance value in the luminance value histogram;","15","35","37","2","1",1
"33452","7359572-0015","7359572","assigning an image classification selected from a group of plural image classifications to the digital image based on the analyzing;","15","35","38","2","1",1
"33453","7359572-0015","7359572","selecting an exposure compensation technique for the digital image based on the image classification; and","15","35","39","2","1",1
"33454","7359572-0015","7359572","producing transform data comprising a transformation of the exposure data for the digital image by applying a gamma curve to the luminance value histogram;","15","35","40","2","1",1
"33455","7359572-0015","7359572","wherein the gamma curve is a positive gamma curve with a gamma parameter used to increase luminance values, and wherein the applying comprises mapping the luminance value y of each pixel in the digital image to a new luminance value y′ according to the following equation:","15","35","41","2","1",1
"33521","7365923-0001","7365923","1. an opto-electronic device comprising:","1","0","1","1","2",2
"33522","7365923-0001","7365923","an optical sub-assembly for converting optical signals into electrical signals or electrical signals into optical signals, the optical sub-assembly including a rear header forming the rear end thereof with electrical leads extending therefrom;","1","1","2","2","2",2
"33523","7365923-0001","7365923","a housing including a heat dissipating cover for supporting the optical sub-assembly; and","1","1","3","2","2",2
"33524","7365923-0001","7365923","a thermally conductive heat sinking tab for transferring heat from the optical sub-assembly to the heat dissipating cover;","1","1","4","2","2",2
"33525","7365923-0001","7365923","wherein the heat sinking tab includes: a mounting plate for mounting only on the rear end of the optical sub-assembly covering the rear header, with slots in the mounting plate through which the electrical leads extend, and a finger for extending into contact with or close proximity to the heat dissipating cover.","1","1","5","2","2",2
"33795","7387650-0001","7387650","1. a fuel cell power generation apparatus comprising:","1","0","1","1","2",2
"33796","7387650-0001","7387650","a fuel reforming device operable to reform a gas;","1","1","2","2","2",2
"33797","7387650-0001","7387650","a fuel cell body including an anode, the fuel cell body being operable to discharge an anode exhaust gas from the anode;","1","1","3","2","2",2
"33798","7387650-0001","7387650","raw gas feeding means for feeding into the fuel reforming device at least one raw gas of a burner exhaust gas discharged from a heating burner of the fuel reforming device, exhaust air discharged from a cathode of the fuel cell body, and air from outside the fuel cell power generation apparatus;","1","1","4","2","2",2
"33799","7387650-0001","7387650","inert gas formation means for removing oxygen from the at least one raw gas and generating an inert gas, the inert gas formation means including an oxidizable and reducible oxygen adsorbent; and","1","1","5","2","2",2
"33800","7387650-0001","7387650","adsorbent reduction means for reducing the oxygen adsorbent by feeding the reformed gas from the fuel reforming device or the anode exhaust gas from the fuel cell body into the oxygen adsorbent of the inert gas formation means, wherein","1","1","6","2","2",2
"33801","7387650-0001","7387650","the oxidizable and reducible oxygen adsorbent includes at least one of chromium (cr), manganese (mn), iron (fe), cobalt (co), nickel (ni), copper (cu), and zinc (zn), and","1","1","7","2","2",2
"33802","7387650-0001","7387650","the oxygen adsorbent is disposed in at least one of a location between a reforming catalyst layer and a co conversion catalyst layer provided in the fuel reforming device, a location upstream of the reforming catalyst layer within the fuel reforming device, and a location in the reforming catalyst layer provided in the fuel reforming device.","1","1","8","2","2",2
"34058","7410226-0014","7410226","14. an extensible support system for a monitor, said system comprising: [[61]] an extensible support column coupled to said cabinet base; [[62]] a receiving component coupled to said extensible support column; [[63]] an engaging bracket coupled to said cabinet back and configured to gravitationally fasten to said receiving component; and [[64]] a monitor support bracket coupled to said extensible support column and said monitor, and configured to maintain a viewing plane of said monitor substantially parallel to said cabinet back.","14","0","54","1","2",2
"34059","7410226-0014","7410226","a cabinet comprising:","14","54","55","2","2",2
"34060","7410226-0014","7410226","a substantially horizontal cabinet base;","14","55","56","3","2",2
"34061","7410226-0014","7410226","a cabinet back substantially perpendicularly coupled to said cabinet base;","14","55","57","3","2",2
"34062","7410226-0014","7410226","a pair of cabinet sides, wherein each of said sides is substantially perpendicularly coupled to said cabinet base and said cabinet back; and","14","55","58","3","2",2
"34063","7410226-0014","7410226","a cabinet front substantially perpendicularly coupled to said cabinet base and said pair of cabinet sides; and","14","55","59","3","2",2
"34064","7410226-0014","7410226","a lift apparatus comprising:","14","54","60","2","2",2
"34630","7468531-0001","7468531","1. an imaging apparatus comprising:","1","0","1","1","2",2
"34631","7468531-0001","7468531","a plurality of pixels arranged on an insulating substrate, each of the plurality of pixels comprising:","1","1","2","2","2",2
"34632","7468531-0001","7468531","a thin-film transistor having a source electrode and a drain electrode;","1","1","3","2","2",2
"34633","7468531-0001","7468531","a conversion element arranged over the thin-film transistor; and","1","1","4","2","2",2
"34634","7468531-0001","7468531","an insulating film arranged between the thin-film transistor and the conversion element,","1","1","5","2","2",2
"34635","7468531-0001","7468531","wherein the plurality of pixels include a pixel in which, through a contact hole provided in the insulating film, the source electrode or the drain electrode of the thin-film transistor and the conversion element are connected with each other; and a pixel in which the conversion element, the insulating film, and an electroconductive layer electrically connected to the source electrode or the drain electrode of the thin-film transistor are removed together so that an electric connection between the thin-film transistor and the conversion element is discontinued.","1","1","6","2","2",2
"34733","7473974-0020","7473974","20. a semiconductor circuit device, comprising:","20","0","54","1","2",2
"34734","7473974-0020","7473974","a plurality of protection circuits comprising:","20","54","55","2","2",2
"34735","7473974-0020","7473974","a first protection circuit comprising:","20","55","56","3","2",2
"34736","7473974-0020","7473974","a ring gate to which a first potential is applied;","20","56","57","4","2",2
"34737","7473974-0020","7473974","a first impurity diffusion layer formed inside the ring gate; and","20","56","58","4","2",2
"34738","7473974-0020","7473974","a second impurity diffusion layer formed outside the ring gate; and","20","56","59","4","2",2
"34739","7473974-0020","7473974","a second protection circuit, distinct from the first protection circuit, comprising:","20","55","60","3","2",2
"34740","7473974-0020","7473974","a ring gate to which a first potential is applied;","20","60","61","4","2",2
"34741","7473974-0020","7473974","a first impurity diffusion layer formed inside the ring gate; and","20","60","62","4","2",2
"34742","7473974-0020","7473974","a second impurity diffusion layer formed outside the ring gate; and","20","60","63","4","2",2
"34743","7473974-0020","7473974","a shield electrode for element isolation, formed between the first protection circuit and the second protection circuit, such that said device is devoid of an element isolation insulating layer between the first protection circuit and the second protection circuit,","20","54","64","2","2",2
"34744","7473974-0020","7473974","wherein in at least one of said first and second protection circuits, one of said first and second impurity diffusion layers is connected to a circuit to be protected, and the other of said first and second impurity diffusion layers receives the first potential,","20","54","65","2","2",2
"34745","7473974-0020","7473974","wherein said ring gates from said first and second protection circuits and the shield electrodes from said first and second protection circuits are the same layer.","20","54","66","2","2",2
"34793","7478764-0001","7478764","1. a fluidic oscillator that operates on a pressurized liquid flowing through said oscillator to generate an exhaust flow in the form of a spray of liquid droplets into a surrounding gaseous environment, said oscillator comprising:","1","0","1","1","2",2
"34794","7478764-0001","7478764","an inlet for said pressurized liquid,","1","1","2","2","2",2
"34795","7478764-0001","7478764","an outlet from which said exhaust flows,","1","1","3","2","2",2
"34796","7478764-0001","7478764","a channel connecting said inlet and outlet and having a floor, sidewalls and a centerline,","1","1","4","2","2",2
"34797","7478764-0001","7478764","a throat situated at a point between said inlet and outlet and formed by the converging of said channel sidewalls,","1","1","5","2","2",2
"34798","7478764-0001","7478764","a barrier located proximate said throat and rising from said channel floor so as to divide said channel in the region of said barrier into what are herein defined as two power nozzles,","1","1","6","2","2",2
"34799","7478764-0001","7478764","each of said power nozzles having a furtherest downstream portion whose cross section is characterized by a herein defined length l and the herein defined angle ζ that a centerline projecting normal to said cross section makes with said channel centerline,","1","1","7","2","2",2
"34800","7478764-0001","7478764","wherein said barrier having a specified width that is characterized by the herein defined length b between the furtherest downstream portions of said barrier,","1","1","8","2","2",2
"34801","7478764-0001","7478764","an interaction recess on the downstream side of said barrier and proximate said throat that is characterized by a herein defined depth t,","1","1","9","2","2",2
"34802","7478764-0001","7478764","an expansion section formed by said channel sidewalls diverging downstream of said throat, with the furtherest downstream portions of said expansion section sidewalls forming said oscillator outlet,","1","1","10","2","2",2
"34803","7478764-0001","7478764","wherein said expansion section characterized by a herein defined downstream length s and the herein defined angle ψ that said expansion section sidewalls make with said channel centerline,","1","1","11","2","2",2
"34804","7478764-0001","7478764","wherein said oscillator is configured so as to control the lateral rate of spread of said liquid droplets from said oscillator by specifying the parameters l, b, ζ, t, s and ψ.","1","1","12","2","2",2
"35713","7555465-0001","7555465","1. a method of exposing a single aggregated data structure containing a list of available video and audio content from a plurality of content providers who interact directly with end-users and specifically offer video and/or audio content directly to end-users and for relaying a request to access video and audio content from a specific content provider, comprising:","1","0","1","1","1",1
"35714","7555465-0001","7555465","receiving a first request for available video and audio content from a player device;","1","1","2","2","1",1
"35715","7555465-0001","7555465","receiving a pre-determined data structure containing a list of available video and audio content from each of said plurality of content providers;","1","1","3","2","1",1
"35716","7555465-0001","7555465","ascertaining content identifiers located in said pre-determined data structure;","1","1","4","2","1",1
"35717","7555465-0001","7555465","matching same content from distinct content providers using said content identifiers;","1","1","5","2","1",1
"35718","7555465-0001","7555465","combining same content from said distinct content providers into a single entry in said list of available video and audio content;","1","1","6","2","1",1
"35719","7555465-0001","7555465","populating said single entry with list of distinct content providers who offer said same content;","1","1","7","2","1",1
"35720","7555465-0001","7555465","storing each said list of available video and audio content into a computer based repository of available video and audio content; and","1","1","8","2","1",1
"35721","7555465-0001","7555465","returning said single aggregated data structure containing a list of available video and audio content to said player device in response to said first request;","1","1","9","2","1",1
"35722","7555465-0001","7555465","receiving a second request to access said content from a player device;","1","1","10","2","1",1
"35723","7555465-0001","7555465","sending a third request to access said content to said specific content provider;","1","1","11","2","1",1
"35724","7555465-0001","7555465","receiving a first response to access said content from said specific content provider;","1","1","12","2","1",1
"35725","7555465-0001","7555465","sending a second response to access said content to said player device.","1","1","13","2","1",1
"35902","7566895-0001","7566895","1. a phase change memory device, comprising:","1","0","1","1","2",2
"35903","7566895-0001","7566895","a substrate comprising a stacked structure, the stacked structure comprises a plurality of insulating layers and conductive layers, wherein any two of the adjacent conductive layers of the stacked structure are spaced apart by one of the insulating layers;","1","1","2","2","2",2
"35904","7566895-0001","7566895","a first electrode structure with a first sidewall and a second sidewall formed on the stacked structure;","1","1","3","2","2",2
"35905","7566895-0001","7566895","a plurality of heating electrodes placed on the conductive layers and adjoining the first sidewall and the second sidewall of the first electrode structure;","1","1","4","2","2",2
"35906","7566895-0001","7566895","a pair of phase change material spacers placed on the first sidewall and the second sidewall of the first electrode structure covering the plurality of heating electrodes.","1","1","5","2","2",2
"36209","7591972-0001","7591972","1. a method for de-molding a plurality of golf balls or golf ball precursor products from an injection mold assembly, the method comprising:","1","0","1","1","1",1
"36210","7591972-0001","7591972","injecting a polymer material into a plurality of cavities of a mold to form a layer for a golf ball, the mold comprising a first mold half and a second mold half engaged together, the first mold half having a first pin comprising a base, a first taper section and a second taper section, the second mold half having a first bushing with a first cavity, a second cavity and a third cavity, the first pin of the first mold half engaged within the first bushing of the second mold half;","1","1","2","2","1",1
"36211","7591972-0001","7591972","exerting a lateral force on the second mold half by use of a spring assembly;","1","1","3","2","1",1
"36212","7591972-0001","7591972","vertically separating the first mold half from the second mold half a first vertical distance corresponding to a depth of the first cavity and laterally moving the second mold half relative to the first mold half a first lateral distance, the first lateral distance corresponding to a radius of the first cavity; and","1","1","4","2","1",1
"36213","7591972-0001","7591972","vertically separating the first mold half from the second mold half a second vertical distance corresponding to a depth of the second cavity and laterally moving the second mold half relative to the first mold half a second lateral distance, the second lateral distance corresponding to a radius of the second cavity minus the radius of the first cavity.","1","1","5","2","1",1
"37508","7694940-0009","7694940","9. a jack apparatus comprising:","9","0","29","1","2",2
"37509","7694940-0009","7694940","a hydraulic jacking cylinder including an outer housing cylinder;","9","29","30","2","2",2
"37510","7694940-0009","7694940","an inner piston cylinder disposed in the outer cylinder;","9","30","31","3","2",2
"37511","7694940-0009","7694940","a piston reciprocally mounted in the inner cylinder;","9","30","32","3","2",2
"37512","7694940-0009","7694940","the space between the outer cylinder and the inner cylinder defining a reservoir for hydraulic fluid;","9","30","33","3","2",2
"37513","7694940-0009","7694940","a space in the inner cylinder underneath the piston defining a piston cavity for hydraulic fluid;","9","30","34","3","2",2
"37514","7694940-0009","7694940","at least one pump for moving hydraulic fluid from the reservoir to the piston cavity; and","9","29","35","2","2",2
"37515","7694940-0009","7694940","a conduit in communication with the at least one pump in the reservoir, the conduit being weighted and of a sufficient length such that the conduit moves by gravity to a low elevation in the reservoir in accordance with the orientation of the hydraulic cylinder for continuously providing hydraulic fluid to the at least one pump from the reservoir, the conduit including an opening for fluid flow into the conduit and at least one aperture extending through the conduit proximate to the opening; wherein the conduit includes a flexible tube; the tube including a first end, a second end and an anchor member; the tube first end being in communication with the at least one pump; the anchor member defining the weighting for the conduit; the anchor member including oppositely disposed first and second edges and a bore extending from the first edge to the second edge; the anchor member coupled to the second end of the tube proximate to the first edge of the anchor member, the second edge of the anchor member defining the opening for fluid flow of the conduit, wherein the at least one aperture extends inward from the second edge of the anchor member.","9","29","36","2","2",2
"37989","7729538-0024","7729538","24. a method for facilitating recognition, comprising:","24","0","35","1","1",1
"37990","7729538-0024","7729538","receiving at least one p-dimensional input comprising a plurality of strokes that are generated in a non-linear sequence in time;","24","35","36","2","1",1
"37991","7729538-0024","7729538","determining at least two potential groupings of strokes associated with the input based at least in part on a predetermined proximity threshold between respective strokes associated with the input and a predetermined maximum number of strokes per entity, to facilitate recognizing at least one entity;","24","35","37","2","1",1
"37992","7729538-0024","7729538","determining a respective best recognition result for each subset of strokes associated with each potential grouping of the at least two potential groupings, wherein each potential grouping can comprise one or more subsets of strokes corresponding to one or more entities of the at least one entity;","24","35","38","2","1",1
"37993","7729538-0024","7729538","calculating a combination cost relating to the cost of combining the respective best recognition results associated with each potential grouping of the at least two potential groupings;","24","35","39","2","1",1
"37994","7729538-0024","7729538","calculating a respective total cost for each potential grouping of the at least two potential groupings as a function of respective combination costs of each potential grouping of the at least two potential groupings;","24","35","40","2","1",1
"37995","7729538-0024","7729538","selecting a potential grouping of the at least two potential groupings that has a best cost as a best grouping of strokes;","24","35","41","2","1",1
"37996","7729538-0024","7729538","utilizing the best grouping of strokes to facilitate recognizing the at least one entity in the input; and","24","35","42","2","1",1
"37997","7729538-0024","7729538","employing a simultaneous segmentation and recognition process to recognize the at least one entity in the input based at least in part on a predetermined proximity threshold between respective strokes associated with the input, wherein strokes are associated with the at least one entity when distance between convex hulls of respective strokes is less than the predetermined proximity threshold, and a predetermined number of strokes per entity, and further wherein the simultaneous segmentation and recognition process comprises:","24","35","43","2","1",1
"37998","7729538-0024","7729538","linking strokes of the input in a graph to form connected subgraphs;","24","43","44","3","1",1
"37999","7729538-0024","7729538","applying a search method over the connected subgraphs of the proximity graph to determine an optimal decomposition; and","24","43","45","3","1",1
"38000","7729538-0024","7729538","recognizing the optimal decomposition via employment of a classifier, wherein the search method employs an optimization method comprising:","24","43","46","3","1",1
"38001","7729538-0024","7729538","utilizing a cost optimization function to facilitate in segmentation and recognition to determine an optimum grouping and labeling according to:","24","46","47","4","1",1
"38002","7729538-0024","7729538"," c({vi})=φ(r(v1),r(v2), . . . , r(vn));","24","47","48","5","1",1
"38003","7729538-0024","7729538","where vi is a subset of vertices which form a decomposition of an input, r is a best recognition result for the set of vertices, the function φ is a combination cost, and c represents an overall cost of a particular grouping {vi},","24","46","49","4","1",1
"38004","7729538-0024","7729538","wherein the segmentation and recognition process further provides for subsequent correction of the one or more strokes associated with the input generated in a non-linear sequence in time.","24","46","50","4","1",1
"38347","7758049-0008","7758049","8. an entertainment machine comprising:","8","0","28","1","2",2
"38348","7758049-0008","7758049","a data processor;","8","28","29","2","2",2
"38349","7758049-0008","7758049","a memory in communication with the data processor;","8","28","30","2","2",2
"38350","7758049-0008","7758049","a primary display in communication with the data processor; and","8","28","31","2","2",2
"38351","7758049-0008","7758049","a user interface having at least one input, wherein the at least one input is in communication with the data processor, thus allowing a user to interface with the data processor, and wherein the data processor is configured to accomplish the steps of:","8","28","32","2","2",2
"38352","7758049-0008","7758049","displaying a representation of a roulette wheel on the primary display;","8","32","33","3","2",2
"38353","7758049-0008","7758049","displaying a prior winning number of a roulette spin;","8","32","34","3","2",2
"38354","7758049-0008","7758049","storing the prior winning number in the memory;","8","32","35","3","2",2
"38355","7758049-0008","7758049","generating the odds that the winning number generated by the spin of the roulette wheel will be higher or lower than the winning number of the preceding spin;","8","32","36","3","2",2
"38356","7758049-0008","7758049","receiving an input from the user interface, wherein the input is indicative of a wager placed by a user with a house on whether a winning number of a spin of the roulette wheel will be higher than the prior winning number, lower than the prior winning number, or equal to the prior winning number;","8","32","37","3","2",2
"38357","7758049-0008","7758049","handicapping the return on the at least one wager such that the handicapped return favors said house, in the form of a house-edged return;","8","32","38","3","2",2
"38358","7758049-0008","7758049","displaying the odds that the winning number generated by the spin of the roulette wheel will be higher or lower than the winning number of the preceding spin;","8","32","39","3","2",2
"38359","7758049-0008","7758049","displaying the house-edged return;","8","32","40","3","2",2
"38360","7758049-0008","7758049","simulating a spin of the roulette wheel on the primary display, thereby generating a winning number;","8","32","41","3","2",2
"38361","7758049-0008","7758049","storing the winning number into the memory;","8","32","42","3","2",2
"38362","7758049-0008","7758049","comparing the winning number with the prior winning number to determine whether the wager is won; and","8","32","43","3","2",2
"38363","7758049-0008","7758049","displaying whether the wager is won.","8","32","44","3","2",2
"38502","7772765-0011","7772765","11. an information terminal, comprising:","11","0","26","1","2",2
"38503","7772765-0011","7772765","a double-sided organic electroluminescent image displaying part comprising a plurality of pixels to display images corresponding to a data signal and a selection signal, with the displayed images being available for viewing from both sides of the image displaying part;","11","26","27","2","2",2
"38504","7772765-0011","7772765","an optical shutter disposed on at least one of the sides of the image displaying part to transmit or block light in dependence upon a control signal;","11","26","28","2","2",2
"38505","7772765-0011","7772765","a sensor transmitting a sensed signal representative of a detection by the sensor of an on-state of a front side of the image displaying part and a detection by the sensor of an on-state of a back side of the double-sided organic electroluminescent image displaying part;","11","26","29","2","2",2
"38506","7772765-0011","7772765","a driver circuit responding to the sensed signal by transmitting the data and selection signals to the plurality of pixels and the control signal to the optical shutter, respectively;","11","26","30","2","2",2
"38507","7772765-0011","7772765","a base band processing part comprising a memory to store a predetermined program, and a processor connected to the memory to implement the program; and","11","26","31","2","2",2
"38508","7772765-0011","7772765","a radio frequency processing part connected between the base band processing part and an antenna.","11","26","32","2","2",2
"38693","7792840-0001","7792840","1. a computer-implemented method of deriving a two-level n-gram inverted index in an index system, in a computer-implemented method of deriving an inverted index comprising a front-end inverted index and a back-end inverted index from an n-gram inverted index, the computer-implemented method comprising:","1","0","1","1","1",1
"38694","7792840-0001","7792840","converting the n-gram inverted index into a sndo1o2 relation that obeys a first normal form (1nf),","1","1","2","2","1",1
"38695","7792840-0001","7792840","wherein, sndo1o2 relation has (m-subsequence, n-gram, document id, offset of ngram on m-subsequence, offset of m-subsequence on document) schema;","1","1","3","2","1",1
"38696","7792840-0001","7792840","identifying whether or not a redundancy of position information, caused by a non-trivial multivalued dependency (mvd), exists in the sndo1o2 relation obtained in the first step;","1","1","4","2","1",1
"38697","7792840-0001","7792840","decomposing the sndo1o2 relation into sno1 relation and sdo2 relation to obey a fourth normal form (4nf) in order to eliminate the redundancy; and","1","1","5","2","1",1
"38698","7792840-0001","7792840","converting the sno1 relation into the front-end inverted index of an inverted index database on a server and the sdo2 relation into the back-end inverted index of the inverted index database on the server.","1","1","6","2","1",1
"39429","7854487-0001","7854487","1. an image forming method for forming an image on a recording medium by forming dots on the recording medium by depositing droplets on the recording medium by a recording head having a plurality of nozzles ejecting the droplets while moving the recording head and the recording medium relatively to each other by conveying at least one of the recording head and the recording medium in a relative conveyance direction, wherein the image to be formed is divided into a plurality of regions; a density in each of the plurality of regions is set as a prescribed density so as to form the image; a droplet deposition rate is defined as a ratio of a number of the dots actually formed by depositing the droplets from one of the nozzles within each of the plurality of regions with respect to a maximum number of the dots formable by depositing the droplets from the one of the nozzles within the region; and tonal gradation in the image is represented by means of a collection of the dots based on a dot arrangement specified according to the droplet deposition rate calculated from image data of the image to be formed, the image forming method comprising:","1","0","1","1","1",1
"39430","7854487-0001","7854487","a droplet deposition rate calculation step of calculating the droplet deposition rate from the image data;","1","1","2","2","1",1
"39431","7854487-0001","7854487","a dot arrangement specification step of specifying a dot arrangement pattern from the droplet deposition rate calculated in the droplet deposition rate calculation step; and","1","1","3","2","1",1
"39432","7854487-0001","7854487","a droplet deposition control step of controlling droplet deposition operation performed by the recording head in such a manner that the dot arrangement pattern specified in the dot arrangement specification step is achieved,","1","1","4","2","1",1
"39433","7854487-0001","7854487","wherein, in at least one of the plurality of the regions where the droplet deposition rate calculated in the droplet deposition rate calculation step is lower than a maximum droplet deposition rate and is higher than a prescribed reference value, a dot line in a main scanning direction substantially perpendicular to the relative conveyance direction is formed in which the dots are continuously aligned so as to mutually overlap by a prescribed overlap ratio, in accordance with the droplet deposition rate calculated in the droplet deposition rate calculation step,","1","1","5","2","1",1
"39434","7854487-0001","7854487","wherein, in at least one of the plurality of the regions where the droplet deposition rate calculated in the droplet deposition rate calculation step is lower than a prescribed reference value, an oblique dot line in a direction oblique to the main scanning direction is formed in which the dots are continuously aligned so as to mutually overlap by a prescribed overlap ratio, in accordance with the droplet deposition rate calculated in the droplet deposition rate calculation step.","1","1","6","2","1",1
"39832","7881866-0008","7881866","8. a method of generating an alarm aboard an aircraft, the method comprising:","8","0","12","1","1",1
"39833","7881866-0008","7881866","detecting penetration of a cartographic representation of terrain and a deployment protection volume of the aircraft, the deployment protection volume being tied to a current position of the aircraft and extending in a direction of progress of the aircraft, and the deployment protection volume having a potential trajectory comprising a predicted trajectory, a terrain avoidance maneuver trajectory, and a transition trajectory between the predicted trajectory and the terrain avoidance maneuver trajectory;","8","12","13","2","1",1
"39834","7881866-0008","7881866","locating one or more locations of the penetration on the deployment protection volume;","8","12","14","2","1",1
"39835","7881866-0008","7881866","generating a first type of alert corresponding to the one or more locations of penetration when the one or more locations are on the terrain avoidance maneuver trajectory; and","8","12","15","2","1",1
"39836","7881866-0008","7881866","generating a second type of alert corresponding to the one or more locations of penetration when the one or more locations are not on the terrain avoidance maneuver trajectory.","8","12","16","2","1",1
"39837","7882033-0021","7882033","21. a system for providing communication services for patrons at a hospitality facility, comprising:","21","0","39","1","2",2
"39838","7882033-0021","7882033","a first terminal configured to transmit contact information and a patron identifier associated with a patron at the first terminal, wherein the first terminal is configured to present wagering games;","21","39","40","2","2",2
"39839","7882033-0021","7882033","a server configured to receive the patron identifier and the contact information from the first terminal, authenticate the patron using the patron identifier, determine a location of a contact based on the contact information, and establish a communication link between the patron at the first terminal and the determined location of the contact, wherein the communication link is configured to transmit sound information; and","21","39","41","2","2",2
"39840","7882033-0021","7882033","a network communicatively connected to the first terminal, the server, and the determined location of the contact.","21","39","42","2","2",2
"40116","7904046-0001","7904046","1. a radio equipment comprising:","1","0","1","1","2",2
"40117","7904046-0001","7904046","a controller;","1","1","2","2","2",2
"40118","7904046-0001","7904046","a radio module connected to said controller;","1","1","3","2","2",2
"40119","7904046-0001","7904046","a first antenna having a radio coverage range and connected to said radio module; and","1","1","4","2","2",2
"40120","7904046-0001","7904046","a second antenna having a radio coverage range narrower than that of said a first antenna and connected to said radio module;","1","1","5","2","2",2
"40121","7904046-0001","7904046","wherein:","1","1","6","2","2",2
"40122","7904046-0001","7904046","said controller is able to selectively change between said first antenna and said second antenna;","1","6","7","3","2",2
"40123","7904046-0001","7904046","said controller continues to select said first antenna until a time a specific service becomes ready even if it is possible to communicate through said second antenna to other equipment;","1","6","8","3","2",2
"40124","7904046-0001","7904046","when said specific service becomes ready, said controller changes over from said first antenna to said second antenna to communicate through said second antenna to said other equipment;","1","6","9","3","2",2
"40125","7904046-0001","7904046","the radio coverage range of the second antenna is within the radio coverage range of the first antenna;","1","6","10","3","2",2
"40126","7904046-0001","7904046","when said controller detects approach of a radio equipment during a time period of providing services to said other equipment, said controller communicates with said radio equipment through said second antenna after providing said other equipment with said services; and","1","6","11","3","2",2
"40127","7904046-0001","7904046","wherein said controller changes over from said second antenna to said first antenna after providing said other equipment with said services, when said controller detects no approach of a radio equipment other than said other equipment during a time period of providing service to said other equipment.","1","6","12","3","2",2
"40438","7924184-0013","7924184","13. an integrated circuit comprising:","13","0","25","1","2",2
"40439","7924184-0013","7924184","programmable circuitry; and","13","25","26","2","2",2
"40440","7924184-0013","7924184","a channel of high-speed serial transmitter circuitry that is hard-wired to include a parallel data input bus for always receiving from the programmable circuitry a predetermined number of data bits in parallel, said bits being transmitted by the channel serially;","13","25","27","2","2",2
"40441","7924184-0013","7924184","wherein a portion of the programmable circuitry is programmed to receive successive groups of parallel bits and to output bits thus received to the bus in successive blocks of the predetermined number of parallel bits, each of which groups can include a number of bits having any of a plurality of programmably selectable ratios to the predetermined number; wherein the channel transmits the data bits serially at a serial bit rate and produces a first reference clock signal having a first frequency that is the serial bit rate divided by the predetermined number; wherein said portion of the programmable circuitry is responsive to the first reference clock signal to clock successive blocks out of said portion onto the bus; and wherein the programmable circuitry further comprises:","13","25","28","2","2",2
"40442","7924184-0013","7924184","phase-locked loop circuitry that receives the first reference clock signal and that is programmable to produce a second clock signal having a second frequency that has any one of the programmably selectable ratios to the first frequency.","13","25","29","2","2",2
"40562","7938309-0001","7938309","1. a friction stir welding process for forming a weld between at least a first part made of metal alloy a with at least a second part made of a dissimilar metal alloy b, comprising the steps of:","1","0","1","1","1",1
"40563","7938309-0001","7938309","placing said first and second parts side by side to form a joint therebetween, and","1","1","2","2","1",1
"40564","7938309-0001","7938309","welding the first and second parts along the joint by moving a rotating tool along the joint at a predetermined travel speed,","1","1","3","2","1",1
"40565","7938309-0001","7938309","wherein the predetermined travel speed alternates in continuous service in repeated cycles of predetermined duration between a first predetermined maximum average travel speed v1 and a second predetermined minimum average travel speed v2, where 0≦v2≦0.8×v1.","1","1","4","2","1",1
"41900","8041199-0001","8041199","1. a deicer system for heating water within a fluid receptacle to prevent ice from forming, the system comprising:","1","0","1","1","2",2
"41901","8041199-0001","8041199","a main body configured to be positioned within the fluid receptacle;","1","1","2","2","2",2
"41902","8041199-0001","8041199","a heating element adapted to heat the water, wherein said heating element is supported by said main body;","1","1","3","2","2",2
"41903","8041199-0001","8041199","a concealing cover that is configured to hide said main body and said heating element from view, said concealing cover having a larger axial envelope than said main body and said heating element, said concealing cover being shaped as one or more of a rock, snow pile, iceberg, snow bank, tree stump, lily pad, turtle, or frog; and","1","1","4","2","2",2
"41904","8041199-0001","8041199","a control unit separate and distinct from and in communication with said heating element, wherein said control unit is adapted to control operation of said heater, wherein said control unit comprises at least one of a processor, a microprocessor, an integrated circuit, and a plurality of discrete logic components, wherein said control unit is adapted to be programmed at least in part by an input device.","1","1","5","2","2",2
"41926","8043731-0021","8043731","21. a method comprising:","21","0","26","1","1",1
"41927","8043731-0021","8043731","surface processing a (al,in,ga)n wafer along a first side thereof produce a (al,in,ga)n wafer having a wedge conformation; and","21","26","27","2","1",1
"41928","8043731-0021","8043731","surface processing the (al,in,ga)n wafer having a wedge conformation along a second side thereof to alter the wedge conformation;","21","26","28","2","1",1
"41929","8043731-0021","8043731","wherein, following the first and second surface processing steps, the first side of the (al,in,ga)n wafer is tilted away from the (al,in,ga)n lattice c-plane, and the second side of the (al,in,ga)n wafer is tilted away from the (al,in,ga)n lattice c-plane.","21","26","29","2","1",1
"42224","8069676-0001","8069676","1. a water vapor distillation system comprising:","1","0","1","1","2",2
"42225","8069676-0001","8069676","a water vapor distillation apparatus comprising:","1","1","2","2","2",2
"42226","8069676-0001","8069676","a source fluid input;","1","2","3","3","2",2
"42227","8069676-0001","8069676","an evaporator condenser apparatus comprising:","1","2","4","3","2",2
"42228","8069676-0001","8069676","a substantially cylindrical housing; and","1","4","5","4","2",2
"42229","8069676-0001","8069676","a plurality of tubes in said housing,","1","4","6","4","2",2
"42230","8069676-0001","8069676","whereby said source fluid input is fluidly connected to said evaporator condenser and said evaporator condenser transforms source fluid into steam and transforms compressed steam into product fluid;","1","1","7","2","2",2
"42231","8069676-0001","8069676","a heat exchanger fluidly connected to said source fluid input and a product fluid output, said heat exchanger comprising:","1","7","8","3","2",2
"42232","8069676-0001","8069676","an outer tube; and","1","8","9","4","2",2
"42233","8069676-0001","8069676","at least one inner tube; and","1","8","10","4","2",2
"42234","8069676-0001","8069676","a regenerative blower fluidly connected to said evaporator condenser, whereby said regenerative blower compresses steam, and whereby the compressed steam flows to the evaporative condenser where compressed steam is transformed into product fluid; and","1","7","11","3","2",2
"42235","8069676-0001","8069676","a stirling engine electrically connected to said water vapor distillation apparatus, wherein said stirling engine at least partially powers said water vapor distillation apparatus wherein said stirling engine comprising:","1","1","12","2","2",2
"42236","8069676-0001","8069676","at least one rocking drive mechanism comprising:","1","12","13","3","2",2
"42237","8069676-0001","8069676","a rocking beam having a rocker pivot:","1","12","14","3","2",2
"42238","8069676-0001","8069676","at least one cylinder;","1","12","15","3","2",2
"42239","8069676-0001","8069676","at least one piston, the piston housed within a respective cylinder whereby the piston is capable of substantially linearly reciprocating within the respective cylinder; and","1","12","16","3","2",2
"42240","8069676-0001","8069676","at least one coupling assembly having a proximal end and a distal end, the proximal end being connected to the piston and the distal end being connected to the rocking beam by an end pivot, whereby linear motion of the piston is converted to rotary motion of the rocking beam;","1","12","17","3","2",2
"42241","8069676-0001","8069676","a crankcase housing the rocking beam and housing a first portion of the coupling assembly;","1","1","18","2","2",2
"42242","8069676-0001","8069676","a crankshaft coupled to the rocking beam by way of a connecting rod, whereby the rotary motion of the rocking beam is transferred to the crankshaft;","1","1","19","2","2",2
"42243","8069676-0001","8069676","a working space housing the at least one cylinder, the at least one piston and a second portion of the coupling assembly; and","1","1","20","2","2",2
"42244","8069676-0001","8069676","a seal for sealing the workspace from the crankcase.","1","1","21","2","2",2
"42292","8076614-0001","8076614","1. a cooking system that combines stages of magnetic induction, convection, and radiant heating, comprising:","1","0","1","1","2",2
"42293","8076614-0001","8076614","a housing defining a cooking chamber and having an inlet for feeding food product into said cooking chamber, and an outlet for discharging cooked food product from said cooking chamber;","1","1","2","2","2",2
"42294","8076614-0001","8076614","a conveyor apparatus for conveying food product from said inlet to said outlet;","1","1","3","2","2",2
"42295","8076614-0001","8076614","an array of heating elements disposed in said cooking chamber between said inlet and said outlet;","1","1","4","2","2",2
"42296","8076614-0001","8076614","a magnetic induction heating stage positioned proximate said inlet; and","1","1","5","2","2",2
"42297","8076614-0001","8076614","a pressurized air injection system having air outlets disposed proximate said inlet in said cooking chamber for providing a bank of forced air over the food product during an initial thaw stage of the cooking process,","1","1","6","2","2",2
"42298","8076614-0001","8076614","wherein said magnetic induction stage and said convection and radiant heating stages are spatially separated and are provided sequentially as food product moves from said inlet to said outlet.","1","1","7","2","2",2
"42649","8105239-0001","8105239","1. a method of reconstructing a 3d image, comprising the steps of:","1","0","1","1","1",1
"42650","8105239-0001","8105239","(a) scanning heart and surrounding tissue with a 2d ultrasound scanner;","1","1","2","2","1",1
"42651","8105239-0001","8105239","(b) recording a succession of 2d scans to image the heart tissue;","1","1","3","2","1",1
"42652","8105239-0001","8105239","(c) filling a plurality of voxels of a 3d array with the recorded 2d scans;","1","1","4","2","1",1
"42653","8105239-0001","8105239","(d) applying an artificial neural network to classify the voxels of the 3d array by selecting voxels representing blood-filled areas of the heart tissue and rejecting voxels representing non blood-filled areas of the surrounding tissue;","1","1","5","2","1",1
"42654","8105239-0001","8105239","(e) discriminating between arteries and veins of the heart tissue and chambers of the heart; and","1","1","6","2","1",1
"42655","8105239-0001","8105239","(f) displaying the arteries and veins of the heart tissue.","1","1","7","2","1",1
"42660","8107046-0001","8107046","1. a liquid crystal display device, comprising:","1","0","1","1","2",2
"42661","8107046-0001","8107046","first and second substrates facing and spaced apart from each other;","1","1","2","2","2",2
"42662","8107046-0001","8107046","a gate line on an inner surface of the first substrate;","1","1","3","2","2",2
"42663","8107046-0001","8107046","a data line crossing the gate line to define a plurality of first sub-pixel regions for displaying color, and a second sub-pixel region for adjusting a viewing angle;","1","1","4","2","2",2
"42664","8107046-0001","8107046","a thin film transistor connected to the data line and the gate line;","1","1","5","2","2",2
"42665","8107046-0001","8107046","a plurality of first pixel electrodes in each of the plurality of first sub-pixel regions;","1","1","6","2","2",2
"42666","8107046-0001","8107046","a plurality of first common electrodes alternating with the plurality of first pixel electrodes in each of the plurality of first sub-pixel regions;","1","1","7","2","2",2
"42667","8107046-0001","8107046","a second pixel electrode in the second sub-pixel region;","1","1","8","2","2",2
"42668","8107046-0001","8107046","a second common electrode in the second sub-pixel region, the second common electrode facing the second pixel electrode; and","1","1","9","2","2",2
"42669","8107046-0001","8107046","a liquid crystal layer between the first and second substrates,","1","1","10","2","2",2
"42670","8107046-0001","8107046","wherein a first common voltage is applied to the plurality of first common electrodes, and a second common voltage different from the first common voltage is applied to the second common electrode.","1","1","11","2","2",2
"43612","8181328-0001","8181328","1. a fixing method for fixing components together in which two components in the form of a first component and a second component are positioned such that they are mutually superimposed in predetermined relative positions, and are then fixed together, wherein","1","0","1","1","1",1
"43613","8181328-0001","8181328","the first component has at least two portions for engagement that are recessed in a contact surface thereof which is placed against the second component towards a surface thereof, and the second component is made of a thermoplastic resin and has at least two protruding portions that protrude from positions that correspond to the portions for engagement of the first component on a surface of the second component which is located on the opposite side from the contact surface thereof which is placed against the first component, and wherein","1","1","2","2","1",1
"43614","8181328-0001","8181328","the fixing method for fixing components together is provided with:","1","1","3","2","1",1
"43615","8181328-0001","8181328","a first step in which the contact surfaces of both the first component and the second component are placed against each other, and the positions of the portions for engagement and the protruding portions are matched together; and","1","1","4","2","1",1
"43616","8181328-0001","8181328","a second step in which, by pressing a transmitting component that transmits ultrasonic waves on the protruding portions of the second component, the second component is softened by the ultrasonic waves and forms engaging portions that are made to protrude into the portions for engagement of the first component and become engaged with these portions for engagement.","1","1","5","2","1",1
"44204","8240209-0001","8240209","1. a non-destructive testing method for detecting a sign of failure that occurs when a high-pressure tank for storing a high-pressure fluid is filled with said fluid, said method comprising:","1","0","1","1","1",1
"44205","8240209-0001","8240209","detecting acoustic emissions generated by a deformation of a material, or by microcracks in a material, or a failure of a material in which said microcracks have grown, with an acoustic emission sensor;","1","1","2","2","1",1
"44206","8240209-0001","8240209","receiving a group of acoustic emission signals which are made up of elastic waves of the same frequency generated continuously for a short period;","1","1","3","2","1",1
"44207","8240209-0001","8240209","determining a hit rate in which said elastic waves are counted as one hit, said hit rate indicating a change in the hit over time; and","1","1","4","2","1",1
"44208","8240209-0001","8240209","measuring a pressure of the high-pressure tank and the acoustic emission signal while the high-pressure tank is filled with said fluid, wherein","1","1","5","2","1",1
"44209","8240209-0001","8240209","the sign of failure is detected by finding the change in the hit rate with respect to an internal pressure of the high-pressure tank corresponding to the hit rate, and","1","1","6","2","1",1
"44210","8240209-0001","8240209","the sign of failure is determined from a value at which the hit rate, which has been increasing in proportion to the pressure of the high-pressure tank when said pressure is less than the maximum usage pressure, does not increase further and reaches a saturation state.","1","1","7","2","1",1
"44467","8265391-0012","8265391","12. apparatus for processing a received signal of an image, said apparatus comprising:","12","0","21","1","2",2
"44468","8265391-0012","8265391","circuitry that derives information regarding counts of pixels in said image having different luminance values;","12","21","22","2","2",2
"44469","8265391-0012","8265391","circuitry that, for each of said luminance values, when said count of pixels exceeds a first value, reduces said count of pixels to said first value and increases counts of pixels having other luminance values to derive revised counts of said different luminance values; and","12","21","23","2","2",2
"44470","8265391-0012","8265391","a processor that provides an output pixel of an output image signal based on an input pixel and said revised counts of said different luminance values.","12","21","24","2","2",2
"45046","8316144-0001","8316144","1. a system comprising:","1","0","1","1","2",2
"45047","8316144-0001","8316144","a user interface coupled to a processor and associated memory operable as a graphic user interface configured to allow a user to set up quality of service (qos) provisioning for at least a plurality of voice-over internet protocol (voip) devices, and to display one or more selected ip phone subnets, that include voice-supported subnets, an indication of a current qos policy for each displayed subnet and an indicator to apply a new qos policy to each displayed subnet; and","1","1","2","2","2",2
"45048","8316144-0001","8316144","a network policy server, accessed by the user, comprising a processor and associated memory operable for provisioning qos related policies for the plurality of voice over internet protocol (voip) devices during set up.","1","2","3","3","2",2
"45277","8331257-0001","8331257","1. a method for generating network traffic metrics for a group of network devices, comprising:","1","0","1","1","1",1
"45278","8331257-0001","8331257","causing association of tags with interfaces representing network devices that belong to multiple, different groups of network devices, each tag identifying at least one of the multiple, different groups of network devices;","1","1","2","2","1",1
"45279","8331257-0001","8331257","identifying a particular tag that corresponds to and enables monitoring of a particular group of network devices included in the multiple, different groups of network devices;","1","1","3","2","1",1
"45280","8331257-0001","8331257","identifying, from among the interfaces associated with the tags, a subset of the interfaces that were associated with the particular tag that corresponds to and enables monitoring of the particular group of network devices;","1","1","4","2","1",1
"45281","8331257-0001","8331257","accessing the network traffic metrics measured for each interface included in the identified subset of the interfaces that were associated with the particular tag;","1","1","5","2","1",1
"45282","8331257-0001","8331257","aggregating the network traffic metrics to determine collective network traffic metrics for the particular group of network devices; and","1","1","6","2","1",1
"45283","8331257-0001","8331257","storing data representing the collective network traffic metrics determined for the particular group of network devices based on the aggregation of the network traffic metrics.","1","1","7","2","1",1
"45340","8335349-0020","8335349","20. a tracking unit implemented by a processor, comprising:","20","0","24","1","2",2
"45341","8335349-0020","8335349","an image frame identifier to identify a time signature generated by a non-stationary infra-red (ir) beacon; and","20","24","25","2","2",2
"45342","8335349-0020","8335349","a triangulation unit to access image data associated with the ir beacon using only the time signature of the non-stationary ir beacon to determine a three-dimensional position of the non-stationary ir beacon.","20","24","26","2","2",2
"45343","8336267-0021","8336267","21. a method of transferring shear forces from a structural element to a foundation on which the structural element is supported, comprising the steps of:","21","0","26","1","1",1
"45344","8336267-0021","8336267","(a) mounting a shear lug within a foundation prior to the foundation hardening, the shear lug having a first component having a hole for receiving an anchor rod, and a second component extending at an angle to the first component down into the foundation;","21","26","27","2","1",1
"45345","8336267-0021","8336267","(b) mounting the anchor rod through the hole in the first component of the shear lug and within the foundation prior to the foundation hardening, a portion of the one or more anchor rods extending above the foundation and no portion of the anchor rod contacting the second component; and","21","26","28","2","1",1
"45346","8336267-0021","8336267","(c) mounting the structural element to the portion of the one or more anchor rods extending above the foundation.","21","26","29","2","1",1
"45382","8340116-0002","8340116","2. a personal area network comprising:","2","0","7","1","2",0
"45383","8340116-0002","8340116","a plurality of sub-tree coordinators, each sub-tree coordinator of the plurality being associated with a sub-tree, each sub-tree comprising a plurality of nodes, each of the plurality of sub-tree coordinators having a same logical address;","2","7","8","2","2",0
"45384","8340116-0002","8340116","a personal area network coordinator having a full duty cycle, the personal area network being configured to perform steps comprising,","2","7","9","2","2",0
"45385","8340116-0002","8340116","assigning a unique time slot of a superframe to each of the plurality of sub-tree coordinators,","2","9","10","3","2",0
"45386","8340116-0002","8340116","communicating with each of the plurality of sub-tree coordinators only during the time slot assigned to the sub-tree coordinator, and","2","9","11","3","2",0
"45387","8340116-0002","8340116","identifying each sub-tree coordinator of the plurality based on the time slot in which the communication occurred;","2","9","12","3","2",0
"45388","8340116-0002","8340116","each of the plurality of sub-tree coordinators having a duty cycle that is less than the duty cycle of the personal area network coordinator, each of the plurality of sub-tree coordinators being configured to perform steps comprising","2","7","13","2","2",0
"45389","8340116-0002","8340116","receiving the assignment of the time slot from the personal area network coordinator,","2","13","14","3","2",0
"45390","8340116-0002","8340116","waking up only during duty cycle of the each sub-tree coordinator and during the assigned time slot, and","2","13","15","3","2",0
"45391","8340116-0002","8340116","communicating with the personal area network coordinator only during the assigned time slot.","2","13","16","3","2",0
"45920","8389299-0001","8389299","1. a biosensor array for plasmon resonance-based sensing of a plurality of different biological targets simultaneously, the array comprising a transparent substrate having a surface bearing a plurality of assay spots for plasmon resonance sensing, each of said assay spots comprising a discrete metallic island, said metallic island comprising a plurality of metallic nanoparticles to which are attached functionalizing molecules for binding to said biological target, different said islands being different said functionalizing molecules for binding to different ones of said biological targets, and wherein total internal reflection of light at said surface at a wavelength at or near said plasmon resonance results in scattering of said light away from said surface, said scattering being modulated by said binding of said biological targets;","1","0","1","1","2",0
"45921","8389299-0001","8389299","wherein said metallic islands of said array are spaced apart, arranged at intervals of at least 0.1 mm on a non-conducting substrate, and","1","1","2","2","2",0
"45922","8389299-0001","8389299","wherein within said metallic island, said plurality of metallic nanoparticles comprise a discontinuous layer of individual, multi-faceted nanoparticles.","1","1","3","2","2",0
"46173","8408917-0015","8408917","15. a method for simulating forcible entry of a locked door, comprising:","15","0","25","1","1",1
"46174","8408917-0015","8408917","wedging a tool between a door frame and a first side of a door, said door having a second side, opposite the first side, which is hingedly connected to the door frame by spring-loaded hinges;","15","25","26","2","1",1
"46175","8408917-0015","8408917","compressing springs of the spring-loaded hinges in response to a spreading force caused by the wedging;","15","25","27","2","1",1
"46176","8408917-0015","8408917","allowing the first side of the door to be spread away from the door frame in response to the compressing; and","15","25","28","2","1",1
"46177","8408917-0015","8408917","using the tool to force the door open against a simulated force of a locking device that is provided by an elongated member that is inserted through a first retaining bracket disposed on the frame and a second retaining bracket disposed on the door to keep the door from swinging open, wherein breaking the elongated member simulates breaking the locking device when using the tool to force the door open.","15","25","29","2","1",1
"46182","8410140-0001","8410140","1. a method for reducing pain in a human subject, comprising perineurally administering 5 μg/kg or less dexmedetomidine in combination with ropivacaine as a peripheral nerve block.","1","0","1","1","1",1
"46448","8425050-0009","8425050","9. a keystone correction method for a projection display device which projects an image on a projection surface, comprising:","9","0","29","1","1",1
"46449","8425050-0009","8425050","(a) obtaining a first parameter corresponding to a projection angle showing a relative posture of the projection display device to the projection surface;","9","29","30","2","1",1
"46450","8425050-0009","8425050","(b) calculating a position of a vanishing point in displaying the image by projection on the projection surface with the projection angle, based on the first parameter;","9","29","31","2","1",1
"46451","8425050-0009","8425050","(c) obtaining an actual zoom ratio at which the projection section actually displays the image by projection on the projection surface;","9","29","32","2","1",1
"46452","8425050-0009","8425050","(d) correcting the first parameter based on a fixed reference zoom ratio and the actual zoom ratio to calculate a second parameter; and","9","29","33","2","1",1
"46453","8425050-0009","8425050","(e) performing a keystone correction of the image based on the fixed reference zoom ratio and the second parameter.","9","29","34","2","1",1
"46473","8429004-0001","8429004","1. a method for measuring retail store display compliance, comprising the steps of:","1","0","1","1","1",1
"46474","8429004-0001","8429004","moving a mobile image capture unit comprising a first computer to multiple positions within a retail store;","1","1","2","2","1",1
"46475","8429004-0001","8429004","capturing a plurality of still images of one or more product displays or product shelves at multiple positions within the retail store with said mobile image capture unit;","1","1","3","2","1",1
"46476","8429004-0001","8429004","associating the still images with related information using the first computer; and","1","1","4","2","1",1
"46477","8429004-0001","8429004","transmitting, by said mobile capture unit the still images and the related information to a second computer for storage and processing;","1","1","5","2","1",1
"46478","8429004-0001","8429004","processing the still images to optimize image quality using the second computer;","1","1","6","2","1",1
"46479","8429004-0001","8429004","stitching the images together to create panoramic views of retail store conditions using the first computer;","1","1","7","2","1",1
"46480","8429004-0001","8429004","comparing the one or more product displays or product shelves in the images with images in a library using the second computer;","1","1","8","2","1",1
"46481","8429004-0001","8429004","obtaining identification information about the one or more product displays or product shelves from the results of the comparison between the one or more product displays or product shelves with images in the library;","1","1","9","2","1",1
"46482","8429004-0001","8429004","storing said identification information for the one or more product displays or product shelves in a computer memory of the second computer;","1","1","10","2","1",1
"46483","8429004-0001","8429004","determining compliance of the one or more product displays or product shelves with reference to an external data repository using the second computer; and","1","1","11","2","1",1
"46484","8429004-0001","8429004","generating one or more summary reports or one or more alerts based upon the determination of compliance using the second computer.","1","1","12","2","1",1
"48285","8564828-0001","8564828","1. a method of assessing color gamut requirements for a print job and a printing device, the method comprising:","1","0","1","1","1",1
"48286","8564828-0001","8564828","receiving a print job;","1","1","2","2","1",1
"48287","8564828-0001","8564828","producing, by a computing device, a color transformation for the print job using at least a color gamut error profile;","1","1","3","2","1",1
"48288","8564828-0001","8564828","producing, by the computing device, result information based on the color transformation by:","1","1","4","2","1",1
"48289","8564828-0001","8564828","determining an in-gamut color difference by color transforming the print job from an initial color space to a resulting color space using a color characterization profile to produce a color transformed print job,","1","4","5","3","1",1
"48290","8564828-0001","8564828","color transforming the color transformed print job from the resulting color space back to the initial color space using an inverse color characterization profile to produce an output print job, and","1","4","6","3","1",1
"48291","8564828-0001","8564828","determining an amount of color drift by comparing the print job to the output print job; and","1","4","7","3","1",1
"48292","8564828-0001","8564828","providing the result information to a user.","1","1","8","2","1",1
"49211","8653754-0001","8653754","1. a current driving circuit configured to generate a driving current being supplied to a light emitting element being driven, the current driving circuit comprising:","1","0","1","1","2",2
"49212","8653754-0001","8653754","a reference voltage input terminal configured to receive an external reference voltage from an external circuit;","1","1","2","2","2",2
"49213","8653754-0001","8653754","a resistor connection terminal via which an external resistor is connected as an external component;","1","1","3","2","2",2
"49214","8653754-0001","8653754","an output terminal via which the light emitting element is connected;","1","1","4","2","2",2
"49215","8653754-0001","8653754","a reference voltage generating unit configured to generate an internal reference voltage;","1","1","5","2","2",2
"49216","8653754-0001","8653754","a transistor arranged such that one terminal thereof is connected to the resistor connection terminal; and","1","1","6","2","2",2
"49217","8653754-0001","8653754","an operational amplifier including first and second non-inverting input terminals and a single inverting input terminal, configured to output, via an output terminal thereof, a voltage that corresponds to the difference between a voltage input to the inverting input terminal and a lower voltage selected from among voltages input to the first and second non-inverting input terminals, and arranged such that the output terminal thereof is connected to a control terminal of the transistor, the internal reference voltage is input to the first non-inverting input terminal thereof, the external reference voltage is input to the second non-inverting input terminal thereof, and the inverting input terminal thereof is connected to the resistor connection terminal,","1","1","7","2","2",2
"49218","8653754-0001","8653754","wherein, in a state in which the external resistor is connected between the resistor connection terminal and a ground terminal, a driving current that corresponds to a current that flows through the transistor is output via the output terminal.","1","1","8","2","2",2
"49437","8661836-0008","8661836","8. a method to flush a contaminant from service hoses of a refrigerant recovery unit, comprising the steps of:","8","0","15","1","1",1
"49438","8661836-0008","8661836","connecting a first end of a high side service hose and a first end of a low side service hose to a first portion of the unit that provides a refrigerant to the service hoses;","8","15","16","2","1",1
"49439","8661836-0008","8661836","connecting a second end of the high side service hose and a second end of the low service hose to a second portion of the unit so that the second ends form a closed loop;","8","15","17","2","1",1
"49440","8661836-0008","8661836","entering a predetermined amount of time for flushing the service hoses;","8","15","18","2","1",1
"49441","8661836-0008","8661836","measuring a pressure within the service hoses with a pressure sensor;","8","15","19","2","1",1
"49442","8661836-0008","8661836","performing a recovery of refrigerant if there is a positive pressure in the service hoses;","8","15","20","2","1",1
"49443","8661836-0008","8661836","determining if there is an adequate vacuum in the service hoses after the recovery;","8","15","21","2","1",1
"49444","8661836-0008","8661836","performing an evacuation of the service hoses if the vacuum is inadequate;","8","15","22","2","1",1
"49445","8661836-0008","8661836","flushing the service hoses with a refrigerant for a predetermined period of time; and","8","15","23","2","1",1
"49446","8661836-0008","8661836","recovering refrigerant from the service hoses.","8","15","24","2","1",1
"49621","8677435-0012","8677435","12. a method of upstream power control for use in a cable modem in communication with a head-end and having multiple transmit channels coupled to a single amplifier, said method comprising the steps of:","12","0","14","1","1",1
"49622","8677435-0012","8677435","receiving, by a processor, a request to change the transmit power levels for one or more individual transmit channels;","12","14","15","2","1",1
"49623","8677435-0012","8677435","determining, by the processor, a confidence level for performing a self-configuration of said amplifier within a particular time period; and wherein said confidence level for performing said self-configuration is considered 100% if the sum of the average transmit times of each channel is less than or equal to the required time period in which the amplifier gain must be updated less the time needed for said self-configuration; and","12","14","16","2","1",1
"49624","8677435-0012","8677435","self-configuring, by the processor, the gain of said amplifier to optimize transmit output power of said channels if said confidence level exceeds a threshold.","12","14","17","2","1",1
"49630","8680007-0001","8680007","1. a reversible thermosensitive recording medium comprising:","1","0","1","1","2",2
"49631","8680007-0001","8680007","an electronic information recording sheet having at least an electronic information recording element projecting from a surface thereof,","1","1","2","2","2",2
"49632","8680007-0001","8680007","a first sheet having a through hole into which the electronic information recording element can be inserted,","1","1","3","2","2",2
"49633","8680007-0001","8680007","a second sheet having a cut-out portion capable of housing the entire electronic information recording sheet,","1","1","4","2","2",2
"49634","8680007-0001","8680007","a base sheet,","1","1","5","2","2",2
"49635","8680007-0001","8680007","a reversible thermosensitive recording sheet and","1","1","6","2","2",2
"49636","8680007-0001","8680007","a third sheet disposed between the second sheet and the reversible thermosensitive recording sheet,","1","1","7","2","2",2
"49637","8680007-0001","8680007","wherein the second sheet houses in the cut-out portion the entire electronic information recording sheet, with being laid over the first sheet, and the electronic information recording element is inserted into the through hole,","1","1","8","2","2",2
"49638","8680007-0001","8680007","wherein the first sheet, the second sheet housing the entire electronic information recording sheet, and the reversible thermosensitive recording sheet are laid over the base sheet in this order; and the electronic information recording element projects toward the base sheet and is inserted into the through hole and","1","1","9","2","2",2
"49639","8680007-0001","8680007","wherein a thickness a of the second sheet, a maximum thickness b of the electronic information recording sheet, excluding a thickness of the electronic information recording element, and a thickness c of the third sheet satisfy the relation 0.00≦an absolute value of (a−b)/c≦0.15.","1","1","10","2","2",2
"49855","8695851-0001","8695851","1. a package including a fitment which when operated enables the dispensing of a flowable material from said package, said package comprising a hollow body and said fitment, said hollow body comprising of a first wall portion and a second wall portion and a cavity located between said first and second wall portions for holding the flowable material therein, said wall portions being formed of a flexible material, with said first wall portion having an exterior surface and a frangible penetration zone, said fitment being located on said exterior surface with no portion of said fitment being located within said cavity, whereupon said frangible penetration zone of said first wall portion is able to be engaged by said second wall portion without interference of any portion of said fitment, said fitment comprising an outer gland and a plunger, said outer gland comprising a flange fixedly secured to said exterior surface of said first wall portion and a passageway extending through said outer gland, said passageway overlying said penetration zone, said plunger comprising a cylindrical wall defining a hollow interior and a free end disposed within said passageway, said plunger being arranged to be moved longitudinally along said passageway relative to said flange when said fitment is operated, whereupon said free end of said plunger moves with respect to said flange and penetrates through said penetration zone to enter said cavity to provide fluid communication between said cavity and said interior of said plunger, said free end of said plunger being arranged to directly engage said second wall portion to hold said second wall portion in a spaced relationship to said first wall portion at said penetration zone after said penetration zone has been penetrated by said plunger and said free end of said plunger has entered said cavity.","1","0","1","1","2",2
"49972","8704373-0001","8704373","1. a method for manufacturing a semiconductor integrated circuit device, the method comprising:","1","0","1","1","1",1
"49973","8704373-0001","8704373","(a) forming over a semiconductor substrate a first interconnect including copper as a main component;","1","1","2","2","1",1
"49974","8704373-0001","8704373","(b) forming on a surface of the first interconnect a first barrier insulating film that prevents diffusion of copper;","1","1","3","2","1",1
"49975","8704373-0001","8704373","(c) forming a second barrier insulating film on a surface of the first barrier insulating film;","1","1","4","2","1",1
"49976","8704373-0001","8704373","(d) forming a first interlayer insulating film on a surface of the second barrier insulating film;","1","1","5","2","1",1
"49977","8704373-0001","8704373","(e) forming over the first interlayer insulating film a second interconnect including copper as a main component;","1","1","6","2","1",1
"49978","8704373-0001","8704373","(f) forming on a surface of the second interconnect a third barrier insulating film that prevents diffusion of copper; and","1","1","7","2","1",1
"49979","8704373-0001","8704373","(g) forming a second interlayer insulating film on a surface of the third barrier insulating film,","1","1","8","2","1",1
"49980","8704373-0001","8704373","wherein the first barrier insulating film is formed between the first interconnect and the second barrier insulating film,","1","1","9","2","1",1
"49981","8704373-0001","8704373","wherein the second barrier insulating film is formed between the first barrier insulating film and the first interlayer insulating film,","1","1","10","2","1",1
"49982","8704373-0001","8704373","wherein a thickness of each of the first and second barrier insulating films is smaller than a thickness of the first interlayer insulating film,","1","1","11","2","1",1
"49983","8704373-0001","8704373","wherein a thickness of the third barrier insulating film is smaller than a thickness of the second interlayer insulating film,","1","1","12","2","1",1
"49984","8704373-0001","8704373","wherein the first interlayer insulating film includes si, o and c,","1","1","13","2","1",1
"49985","8704373-0001","8704373","wherein the second interlayer insulating film includes a silicon oxide film or a fluorinated silicon oxide film, and","1","1","14","2","1",1
"49986","8704373-0001","8704373","wherein a nitrogen concentration of the first barrier insulating film is larger than a nitrogen concentration of the second barrier insulating film.","1","1","15","2","1",1
"50185","8717517-0001","8717517","1. a liquid crystal display comprising:","1","0","1","1","2",2
"50186","8717517-0001","8717517","two substrates arranged opposite to each other;","1","1","2","2","2",2
"50187","8717517-0001","8717517","a liquid crystal sealed between the substrates; and","1","1","3","2","2",2
"50188","8717517-0001","8717517","a polymer layer for regulating a pretilt angle of liquid crystal molecules and/or tilt directions at a time of driving;","1","1","4","2","2",2
"50189","8717517-0001","8717517","one of the substrates having a color filter layer formed on a side of the one substrate, and","1","1","5","2","2",2
"50190","8717517-0001","8717517","a plurality of stripe-like electrode patterns provided on the color filter layer, the patterns being periodically arranged so that when polymerizable components mixed in the liquid crystal layer are polymerized to form the polymer layer while a voltage is applied to the liquid crystal layer between the electrode patterns and a second electrode on the other substrate, liquid crystal molecules in the liquid crystal layer are aligned in the extending directions of stripe-like electrode patterns.","1","1","6","2","2",2
"50227","8723693-0010","8723693","10. a system for an aircraft comprising processing electronics configured to provide a first indication of whether a predictive windshear radar system is transmitting to a user interface device, wherein the processing electronics are further configured to determine whether the aircraft is on the ground; and wherein the first indication indicates that the aircraft is on the ground and the predictive windshear radar system is transmitting.","10","0","16","1","2",2
"51154","8801370-0001","8801370","1. an impingement cooling system for heavy duty land-based turbines comprising:","1","0","1","1","2",2
"51155","8801370-0001","8801370","an open impingement cooling manifold affixed to a non-uniform casing of the heavy-duty turbine, wherein the impingement cooling manifold comprises a plurality of impingement holes in the surface of the impingement cooling manifold;","1","1","2","2","2",2
"51156","8801370-0001","8801370","the manifold being positioned about a turbine blade and a shroud of the heavy duty turbine; and","1","1","3","2","2",2
"51157","8801370-0001","8801370","a motor driven blower in direct communication with ambient air that provides ambient air flow across the plurality of impingement holes of the impingement cooling manifold to cool the casing of the heavy-duty turbine to control a clearance between a tip of the turbine blade and the shroud of the heavy-duty turbine before exhaust to the ambient.","1","1","4","2","2",2
"51593","8830984-0001","8830984","1. a receiver, comprising:","1","0","1","1","2",2
"51594","8830984-0001","8830984","a receive unit configured to receive a primary synchronization signal and a scrambled secondary synchronization signal having at least two segments:","1","1","2","2","2",2
"51595","8830984-0001","8830984","a primary synchronization unit configured to detect the primary synchronization signal: and","1","1","3","2","2",2
"51596","8830984-0001","8830984","a secondary synchronization unit configured to detect the scrambled secondary synchronization signal having a scrambling agent for the segments, wherein the scrambling agent is derived from a primary synchronization sequence of the primary synchronization signal.","1","1","4","2","2",2
"51732","8842855-0001","8842855","1. a sound volume control circuit that controls sound volume by digitally changing an output voltage comprising:","1","0","1","1","2",2
"51733","8842855-0001","8842855","a first operational amplifier including: an inverting input; a non-inverting input connected to a voltage source of a reference voltage; and an output that outputs the output voltage;","1","1","2","2","2",2
"51734","8842855-0001","8842855","a variable resistor circuit that is connected between the output and the inverting input, and has a plurality of resistance values;","1","1","3","2","2",2
"51735","8842855-0001","8842855","an r-2r ladder circuit that is connected between a voltage source of an input voltage and the inverting input, and changes the magnitude of electric current flowing to the variable resistor circuit,","1","1","4","2","2",2
"51736","8842855-0001","8842855","the r-2r ladder circuit including:","1","1","5","2","2",2
"51737","8842855-0001","8842855","a resistor chain that has a plurality of resistors connected in series,","1","5","6","3","2",2
"51738","8842855-0001","8842855","the resistor chain having: a plurality of first resistors having a third resistance value, respectively; and one second resistor that is provided closest the inverting input and has a fourth resistance value that is twice as large as the third resistance value;","1","6","7","4","2",2
"51739","8842855-0001","8842855","a plurality of third resistors that has the fourth resistance value, respectively, and is branched from the resistor chain, respectively;","1","5","8","3","2",2
"51740","8842855-0001","8842855","a plurality of first switches by which the branched plurality of the third resistors is connected to either the inverting input or the voltage source of the reference voltage, respectively; and","1","5","9","3","2",2
"51741","8842855-0001","8842855","a second switch that is provided between the resistor chain and the inverting input; and","1","5","10","3","2",2
"51742","8842855-0001","8842855","a control circuit that controls the variable resistor circuit and the r-2r ladder circuit,","1","1","11","2","2",2
"51743","8842855-0001","8842855","wherein when changing a resistance value of the variable resistor circuit from a first resistance value to a second resistance value, so as to change the output voltage in a step size where a difference between the output voltage corresponding to the first resistance value and the output voltage corresponding the second resistance value is further segmented, the control circuit changes the magnitude of the electric current flowing to the variable resistor circuit by use of the r-2r ladder circuit, and","1","1","12","2","2",2
"51744","8842855-0001","8842855","wherein each of the plurality of the first switches further has a state of being connected to neither the inverting input nor the voltage source of the reference voltage, and in a case of muting, the control circuit changes the resistance value of the variable resistor circuit to a minimum value, switches each of the plurality of the first switches to the state of being connected to neither the inverting input nor the voltage source of the reference voltage, and turns oil the second switch.","1","1","13","2","2",2
"51753","8843319-0011","8843319","11. a system comprising:","11","0","23","1","2",2
"51754","8843319-0011","8843319","a measurement system configured to sense capacitances of a subsurface sample at two or more frequencies, determine a ratio of the capacitances, and determine a formation water resistivity or conductivity of formation water disposed in pore spaces of the subsurface sample using the ratio of capacitances.","11","23","24","2","2",2
"52281","8880036-0009","8880036","9. a system, comprising:","9","0","20","1","2",2
"52282","8880036-0009","8880036","a processor;","9","20","21","2","2",2
"52283","8880036-0009","8880036","a system memory coupled to the processor;","9","20","22","2","2",2
"52284","8880036-0009","8880036","a first wireless mobile device (“wmd”); and","9","20","23","2","2",2
"52285","8880036-0009","8880036","a second wmd not comprising the processor;","9","20","24","2","2",2
"52286","8880036-0009","8880036","wherein the processor is configured to;","9","20","25","2","2",2
"52287","8880036-0009","8880036","register the first wmd and store the registration in the system memory;","9","20","26","2","2",2
"52288","8880036-0009","8880036","receive a request wirelessly, from the second wmd, for retrieval of data located in the first wmd;","9","20","27","2","2",2
"52289","8880036-0009","8880036","authenticate the request based on the registration;","9","20","28","2","2",2
"52290","8880036-0009","8880036","authorize retrieval of the data wirelessly based on the authentication;","9","20","29","2","2",2
"52291","8880036-0009","8880036","send a request signal to the first wmd over a control channel in response to the authorization to facilitate the retrieval of data;","9","20","30","2","2",2
"52292","8880036-0009","8880036","responsive the request signal, establish by the first wmd a direct communication channel with the second wmd;","9","20","31","2","2",2
"52293","8880036-0009","8880036","send the data, based on a preference setting, by the first wmd to the second wmd over the established communication channel, wherein the sending is independent of any user input and operational mode for the first wmd.","9","20","32","2","2",2
"52670","8919687-0001","8919687","1. a mandrel cupping assembly for releasably engaging unsupported ends of a plurality of mandrels disposed on a web winding turret assembly having a web winding turret assembly axis, each of said plurality of mandrels extending generally parallel to said web winding turret assembly axis, each of said mandrels being driven in a closed mandrel path about said web winding turret assembly axis, said mandrel cupping assembly comprising:","1","0","1","1","2",2
"52671","8919687-0001","8919687","a cupping spider having a cupping arm turret central axis;","1","1","2","2","2",2
"52672","8919687-0001","8919687","a mandrel cup and cupping arm cooperatively associated with each mandrel of said plurality of mandrels, each of said mandrel cups and cupping arms being disposed radially about said cupping spider;","1","1","3","2","2",2
"52673","8919687-0001","8919687","an outer ring guide disposed coaxially about and formed in a surface of an outer ring;","1","1","4","2","2",2
"52674","8919687-0001","8919687","wherein each of said mandrel cups is carried in a radial orbital path about said cupping spider central axis and releasably engages said unsupported end of said mandrel against said outer ring guide in a hold-closed position and disengages from said mandrel and said outer ring guide in a hold-open position; and,","1","1","5","2","2",2
"52675","8919687-0001","8919687","a first actuator for disposing each of said mandrel cups and cupping arms from said hold-open position to said hold-closed position.","1","1","6","2","2",2
"53042","8950560-0001","8950560","1. a vehicular power unit, comprising:","1","0","1","1","2",2
"53043","8950560-0001","8950560","a power unit case for housing a power shaft;","1","1","2","2","2",2
"53044","8950560-0001","8950560","a clutch device disposed on one side of the power unit case in a direction along the power shaft;","1","1","3","2","2",2
"53045","8950560-0001","8950560","at least a clutch actuator for generating a driving force for engaging and disengaging the clutch device; and","1","1","4","2","2",2
"53046","8950560-0001","8950560","a clutch cover attached to the power unit case and covering an outer side of the clutch device in the direction along the power shaft,","1","1","5","2","2",2
"53047","8950560-0001","8950560","wherein the clutch actuator is disposed in such a manner that a drive axis, oriented in a longitudinal direction thereof, is perpendicular to the direction along the power shaft,","1","1","6","2","2",2
"53048","8950560-0001","8950560","further wherein the clutch actuator is disposed on a periphery of the clutch cover, within a predetermined width of the clutch cover, in the direction along the power shaft, and","1","1","7","2","2",2
"53049","8950560-0001","8950560","still further wherein a drive shaft of the clutch actuator, each of a plurality of reduction gear shafts, and an engagement shaft are parallel with one another, and","1","1","8","2","2",2
"53050","8950560-0001","8950560","further comprising a power transmission mechanism for transmitting the driving force of the clutch actuator to the clutch device,","1","1","9","2","2",2
"53051","8950560-0001","8950560","wherein the power transmission mechanism includes the engagement shaft, which is engaged with an input part of the clutch device, and","1","1","10","2","2",2
"53052","8950560-0001","8950560","the drive shaft of the clutch actuator, the reduction gear shafts, and the engagement shaft are arranged forth a u shape when seen in the direction along the drive shaft.","1","1","11","2","2",2
"53177","8959389-0012","8959389","12. a system comprising:","12","0","41","1","2",2
"53178","8959389-0012","8959389","a processor configured to initiate executable operations comprising:","12","41","42","2","2",2
"53179","8959389-0012","8959389","external to a storage array, identifying a failure indication for a first data storage device that is a member of a first raid group within the storage array;","12","41","43","2","2",2
"53180","8959389-0012","8959389","identifying a virtual drive that is defined to include at least one logical storage volume defined in a second raid group; and","12","41","44","2","2",2
"53181","8959389-0012","8959389","determining whether the virtual drive is healthy; and","12","41","45","2","2",2
"53182","8959389-0012","8959389","provisioning the virtual drive to serve as a virtual hot spare within the first raid group to replace the first data storage device, wherein","12","41","46","2","2",2
"53183","8959389-0012","8959389","provisioning the virtual drive to serve as the virtual hot spare within the first raid group comprises provisioning the virtual drive only if the virtual drive is healthy.","12","41","47","2","2",2
"53991","9020627-0001","9020627","1. a method for printing a three-dimensional object, the method comprising:","1","0","1","1","1",1
"53992","9020627-0001","9020627","generating printing data for printing a layer of the three-dimensional object;","1","1","2","2","1",1
"53993","9020627-0001","9020627","generating color data for an outer circumference region of the layer;","1","1","3","2","1",1
"53994","9020627-0001","9020627","printing an inner region of the layer of the three-dimensional object with a three-dimensional printing system using at least one building material based on the generated printing data, wherein at least a portion of the inner region of the layer functions as a background for color perception; and","1","1","4","2","1",1
"53995","9020627-0001","9020627","printing an outer circumference region of the layer based on the generated printing data and the generated color data with the three-dimensional printing system using at least one colored material by jetting the at least one colored material from a print head, wherein the outer circumference region extends around at least a portion of the inner region of the layer to define an apparent colored surface for the layer and the outer circumference region is printed at a higher resolution than the inner region.","1","1","5","2","1",1
"54045","9024796-0022","9024796","22. a radio frequency digital to analog converter comprising:","22","0","31","1","2",2
"54046","9024796-0022","9024796","a first capacitor arrangement comprising a plurality of switchable capacitor paths and a second capacitor arrangement comprising a further plurality of switchable capacitor paths, each switchable capacitor path comprises an inverter and a capacitor coupled in series, wherein the switchable capacitor paths of the first capacitor arrangement are arranged in parallel and coupled to a first common node via respective capacitors and wherein the switchable capacitor paths of the second capacitor arrangement are arranged in parallel and coupled to a second common node via the respective capacitors;","22","31","32","2","2",2
"54047","9024796-0022","9024796","an rf-balun arranged between the first common node and the second common node; and","22","31","33","2","2",2
"54048","9024796-0022","9024796","a first controller and a second controller, wherein the first controller and the second controller are configured to receive a baseband signal having a component, and to receive an lo signal,","22","31","34","2","2",2
"54049","9024796-0022","9024796","wherein the first controller is configured to combine the component and the lo signal to obtain a first modulation signal, and wherein the first controller is configured to control the plurality of inverters of the first capacitor arrangement in accordance with the first modulation signal,","22","31","35","2","2",2
"54050","9024796-0022","9024796","wherein the second controller is configured to combine the component and the lo signal to obtain a second modulation signal, and wherein the second controller is configured to control the plurality of inverters of the second capacitor arrangement in accordance with the second modulation signal;","22","31","36","2","2",2
"54051","9024796-0022","9024796","wherein the radio frequency digital to analog converter is configured to output a differential analog signal comprising the component between the first and the second common node in accordance with the baseband signal.","22","31","37","2","2",2
"54404","9052018-0017","9052018","17. an eccentricity tolerant valve stem seal assembly, comprising:","17","0","23","1","2",2
"54405","9052018-0017","9052018","an upper elastomeric seal portion having a radially inwardly directed upper sealing lip in contact with a valve stem;","17","23","24","2","2",2
"54406","9052018-0017","9052018","an upper seal retainer disposed radially outwardly from the upper sealing lip and axially disposed down and into the upper elastomeric seal portion, wherein the upper seal retainer comprises an axially aligned upper portion that is unitary with a lower portion that is radially angled outwardly;","17","23","25","2","2",2
"54407","9052018-0017","9052018","a flexible middle elastomeric seal portion disposed completely radially outward of the outermost periphery of a valve guide, wherein a bottom tip of the upper seal retainer axially extends down to a position having the same axial height as a top of the valve guide to define a top of the flexible middle elastomeric seal portion;","17","23","26","2","2",2
"54408","9052018-0017","9052018","a lower elastomeric seal portion; and","17","23","27","2","2",2
"54409","9052018-0017","9052018","a separate lower seal retainer disposed up to a lower edge of the flexible middle elastomeric seal portion with an exterior surface of the lower elastomeric seal portion disposed on an interior surface of the lower seal retainer;","17","23","28","2","2",2
"54410","9052018-0017","9052018","wherein the flexible middle elastomeric seal portion is defined to be between a lowest extent of the lower portion of the upper seal retainer and a highest extent of the upper portion of the lower seal retainer, wherein the lower seal retainer is mechanically decoupled from the upper seal retainer by way of the flexible middle elastomeric seal portion.","17","23","29","2","2",2
"54411","9052424-0001","9052424","1. a backlight module, comprising:","1","0","1","1","2",2
"54412","9052424-0001","9052424","at least one light source; and","1","1","2","2","2",2
"54413","9052424-0001","9052424","a light guide plate for guiding a light beam emitted by the light source and at least comprising:","1","1","3","2","2",2
"54414","9052424-0001","9052424","at least one light incident surface disposed adjacent to the light source;","1","1","4","2","2",2
"54415","9052424-0001","9052424","a light-emitting surface connected with the light incident surface and forming an angle with the light incident surface;","1","1","5","2","2",2
"54416","9052424-0001","9052424","a bottom surface connected with the light incident surface and disposed opposite the light-emitting surface;","1","1","6","2","2",2
"54417","9052424-0001","9052424","a plurality of lenticular lenses arranged on the light-emitting surface in a direction substantially parallel to the light incident surface, each two adjacent lenticular lenses being apart from each other, and each of the lenticular lenses extending in a direction substantially perpendicular to the light incident surface; and","1","1","7","2","2",2
"54418","9052424-0001","9052424","a plurality of micro dots formed on at least the bottom surface, wherein a distance between two adjacent lenticular lenses is denoted as p, an inscribed circle diameter of a projection of each of the micro dots projecting on the bottom surface is denoted as ψ, a width of a light-emitting area on the light source measured in a direction parallel to a longitudinal direction of the light incident surface is denoted as w, a height of each of the micro dots relative to the bottom surface is denoted as h, and the light guide plate satisfies the following relation:","1","1","8","2","2",2
"54419","9052424-0001","9052424","0.08≦(h/ψ)≦0.4;","1","8","9","3","2",2
"54420","9052424-0001","9052424","0.5≦(p/ψ)≦15; and","1","8","10","3","2",2
"54421","9052424-0001","9052424","5≦(w/p)≦500.","1","8","11","3","2",2
"54590","9068468-0006","9068468","6. a power generation system, comprising:","6","0","11","1","2",2
"54591","9068468-0006","9068468","an inert gas thermal power source;","6","11","12","2","2",2
"54592","9068468-0006","9068468","a thermal/electrical power converter, comprising:","6","11","13","2","2",2
"54593","9068468-0006","9068468","a gas turbine with an input coupled to an output of said inert gas thermal power source,","6","13","14","3","2",2
"54594","9068468-0006","9068468","a compressor, mechanically coupled to said gas turbine, including an output directly coupled to an input of said inert gas thermal power source,","6","13","15","3","2",2
"54595","9068468-0006","9068468","a generator mechanically coupled to said gas turbine;","6","13","16","3","2",2
"54596","9068468-0006","9068468","a heat exchanger with an input coupled to an output of said gas turbine and an output coupled to an input of said compressor, said heat exchanger including a series-coupled super-heater heat exchanger, a boiler heat exchanger and a water preheater heat exchanger; and","6","13","17","3","2",2
"54597","9068468-0006","9068468","an inert gas reservoir tank coupled to an input of said compressor via a reservoir tank control valve and said output of said compressor via another reservoir tank control valve; and","6","13","18","3","2",2
"54598","9068468-0006","9068468","a thermally-driven process load with an input coupled to another output of said heat exchanger and an output coupled to another input of said heat exchanger.","6","11","19","2","2",2
"55247","9114437-0001","9114437","1. a food processing vat system comprising: a vat defining a vat enclosure with multiple interconnected vat walls defining an inside space threbetween, wherein the multiple interconnected vat walls include a top wall and at least one side wall that defines a vat wall intersection; a manway having interconnected manway side walls with respective inwardly facing surfaces collectively defining a passage threbetween, the manway being arranged angurlarly with respect to the top wall of the vat and connected to the vat so that the passage of the manway extends angularly into the inside space of the vat, wherein the manway extends across the vat wall intersection with a first portion of the manway engaging the top wall of the vat and a second portion of the manway engaging the at least one said wall of the vat; and a nozzle being configured to convey a cleaning fluid therethrough and monted to at least one of the manway and the vat, the nozzle having an opening that is positioned with respect to the manway and configured to direct the cleaning fluid onto the inwardly facing surfaces of the manway.","1","0","1","1","2",2
"55592","9141618-0011","9141618","11. an apparatus comprising:","11","0","30","1","2",2
"55593","9141618-0011","9141618","at least one processor; and","11","30","31","2","2",2
"55594","9141618-0011","9141618","at least one memory including computer program code for one or more programs,","11","30","32","2","2",2
"55595","9141618-0011","9141618","the at least one memory and the computer program code configured to, with the at least one processor, cause the apparatus to perform at least the following,","11","30","33","2","2",2
"55596","9141618-0011","9141618","determine, by using a computer processor, to parse metadata components from a media data stream using a resource description model;","11","30","34","2","2",2
"55597","9141618-0011","9141618","cause, at least in part, a storing of the parsed metadata components, wherein the parsed metadata components include parameters in a resource description framework format in which the resource description framework format does not require a common naming scheme without using one particular vocabulary and includes one or more resource description framework statements, wherein the resource description framework statements consist of subject, predicate, object capabilities, system of record master data source data, and a time stamp, wherein every predicate is not required to be understood to complete the one or more resource description framework statements; and","11","30","35","2","2",2
"55598","9141618-0011","9141618","determine to mark the media data stream with one or more hooks, configured to embed the parsed metadata components, and at least one computational closure,","11","30","36","2","2",2
"55599","9141618-0011","9141618","wherein the computational closure identifies a computation procedure being serialized using the resource description model.","11","30","37","2","2",2
"55648","9144734-0001","9144734","1. an interactive amusement game comprising:","1","0","1","1","2",2
"55649","9144734-0001","9144734","a housing with a housing wall rising on the perimeter of the housing; and","1","1","2","2","2",2
"55650","9144734-0001","9144734","a housing lid located on top of the housing;","1","1","3","2","2",2
"55651","9144734-0001","9144734","the housing lid containing at least one aperture sized large enough so that an ejectable object can pass through said aperture;","1","1","4","2","2",2
"55652","9144734-0001","9144734","a turntable located within the housing;","1","1","5","2","2",2
"55653","9144734-0001","9144734","the turntable containing a kick tooth;","1","1","6","2","2",2
"55654","9144734-0001","9144734","at least one ejectable object; and","1","1","7","2","2",2
"55655","9144734-0001","9144734","the kick tooth positioned on the top surface of the turntable with the radial distance between the kick tooth and the housing wall being less than the length, width or diameter of the ejectable object;","1","1","8","2","2",2
"55656","9144734-0001","9144734","rotation means for rotating the turntable relative to the housing;","1","1","9","2","2",2
"55657","9144734-0001","9144734","the turntable being rotatable at sufficient speed by the rotation means such that the ejectable object is ejected by the kick tooth through the aperture by rotation means connected to the turntable when the aperture is aligned with the ejection path of the ejectable object.","1","1","10","2","2",2
"55680","9146928-0014","9146928","14. a data storage system apparatus configured to efficiently process received read and write commands directed at a filesystem of the data storage system apparatus, the data storage system apparatus comprising: [[64]] wherein:","14","0","58","1","2",2
"55681","9146928-0014","9146928","block-addressable non-volatile storage;","14","58","59","2","2",2
"55682","9146928-0014","9146928","a word-addressable memory (wam) having a persistence feature; and","14","58","60","2","2",2
"55683","9146928-0014","9146928","a processor, the processor being configured to operate the filesystem by:","14","58","61","2","2",2
"55684","9146928-0014","9146928","storing data of the filesystem in a data storage filesystem (dsfs) in the block-addressable non-volatile storage; and","14","61","62","3","2",2
"55685","9146928-0014","9146928","storing metadata of the filesystem in a metadata filesystem (mdfs) separate from the dsfs, at least a portion of the metadata being stored in the wam having the persistence feature;","14","61","63","3","2",2
"55686","9146928-0014","9146928","the wam having the persistence feature includes:","14","64","65","2","2",2
"55687","9146928-0014","9146928","volatile random access memory (ram);","14","65","66","3","2",2
"55688","9146928-0014","9146928","a non-volatile log; and","14","65","67","3","2",2
"55689","9146928-0014","9146928","an area of block-addressable non-volatile storage, the area of block-addressable non-volatile storage including a snapshot storage area;","14","65","68","3","2",2
"55690","9146928-0014","9146928","storing the metadata of the filesystem in the mdfs separate from the dsfs, at least a portion of the metadata being stored in the wam having the persistence feature includes:","14","64","69","2","2",2
"55691","9146928-0014","9146928","storing all of the of the metadata of the filesystem within the volatile ram;","14","69","70","3","2",2
"55692","9146928-0014","9146928","storing descriptors of changes made to the metadata within the non-volatile log as the changes are made;","14","69","71","3","2",2
"55693","9146928-0014","9146928","periodically copying the metadata from the volatile ram into the snapshot storage area of the block-addressable non-volatile storage as a snapshot; and","14","69","72","3","2",2
"55694","9146928-0014","9146928","upon copying the metadata from the volatile ram onto the snapshot storage area, clearing the non-volatile log; and","14","69","73","3","2",2
"55695","9146928-0014","9146928","the processor is further configured to operate the filesystem by, upon a system failure:","14","64","74","2","2",2
"55696","9146928-0014","9146928","loading the snapshot from the block-addressable non-volatile storage onto the volatile ram, thereby recreating a version of the mdfs within the volatile ram;","14","74","75","3","2",2
"55697","9146928-0014","9146928","applying the changes stored within the non-volatile log to the version of the mdfs within the volatile ram, thereby creating an up-to-date version of the mdfs within the volatile ram; and","14","74","76","3","2",2
"55698","9146928-0014","9146928","subsequent to creating the up-to-date version of the mdfs within the volatile ram:","14","74","77","3","2",2
"55699","9146928-0014","9146928","clearing the non-volatile log; and","14","77","78","4","2",2
"55700","9146928-0014","9146928","resuming normal operation of the filesystem.","14","77","79","4","2",2
"55919","9163930-0001","9163930","1. an extended depth fourier domain oct (fdoct) imaging system, the system comprising:","1","0","1","1","2",2
"55920","9163930-0001","9163930","an optical source having a bandwidth;","1","1","2","2","2",2
"55921","9163930-0001","9163930","an optical detection system configured to sample a plurality of spectral elements within the bandwidth of the optical source at an average optical frequency interval defined by a ratio of a total sampled bandwidth divided by a number of sampled plurality of elements, wherein the average optical frequency interval is no greater than about 10.7 ghz;","1","1","3","2","2",2
"55922","9163930-0001","9163930","a reference arm coupled to the optical detection system;","1","1","4","2","2",2
"55923","9163930-0001","9163930","a sample arm coupled to the reference arm;","1","1","5","2","2",2
"55924","9163930-0001","9163930","an optical combiner configured to couple the reference arm and the sample arm to the optical detection system,","1","1","6","2","2",2
"55925","9163930-0001","9163930","wherein the sample arm includes scanning optics to enable imaging of regions of interest within a subject under test;","1","1","7","2","2",2
"55926","9163930-0001","9163930","wherein the reference arm includes a plurality of discrete reference arm path length settings that correspond to a plurality of path length matching conditions between the reference arm path length and the sample arm path length as measured to a corresponding plurality of regions of interest within a subject;","1","1","8","2","2",2
"55927","9163930-0001","9163930","wherein the fdoct imaging system is configured to acquire a sequence of at least two, two dimensional images of a plurality of regions of interest along an axis of the subject; and","1","1","9","2","2",2
"55928","9163930-0001","9163930","wherein successive images include at least two partially non-overlapping axially displaced regions of the subject under test.","1","1","10","2","2",2
"55934","9165362-0001","9165362","1. a method of 3d-2d registration for medical imaging, the method which comprises:","1","0","1","1","1",1
"55935","9165362-0001","9165362","a) providing a first input interface for acquiring a three-dimensional image;","1","1","2","2","1",1
"55936","9165362-0001","9165362","b) providing a second input interface for acquiring a fixed two-dimensional image using an imaging system comprising a source and a detector and having an unknown source-detector geometry;","1","1","3","2","1",1
"55937","9165362-0001","9165362","c) initializing image transformation parameters and source-detector geometry parameters;","1","1","4","2","1",1
"55938","9165362-0001","9165362","d) generating a reconstructed two-dimensional image from the three-dimensional image using the image transformation parameters and the source-detector geometry parameters;","1","1","5","2","1",1
"55939","9165362-0001","9165362","e) determining an image similarity metric between the fixed two-dimensional image and the reconstructed two-dimensional image; and","1","1","6","2","1",1
"55940","9165362-0001","9165362","f) updating the image transformation parameters and the source-detector geometry parameters using the image similarity metric.","1","1","7","2","1",1
"56639","9210875-0001","9210875","1. a seed of hybrid corn variety ch183171, produced by crossing a first plant of variety cv795122 with a second plant of variety cv 105053, wherein representative seed of said varieties cv795122 and cv105053 have been deposited under atcc accession numbers pta-12957 and pta-121468, respectively.","1","0","1","1","2",0
